"src","OSPG_BO","DM114190","http://redcats-usa-t.neolane.net/res/img/44CC5ABE2CBCAB0B2F6D18EC82C13D25.jpg","http://www.bcoutlet.com/Discount-Womens-Plus-Size.aspx?DeptId=16364","Womens-Plus-Size"
"src","OSPG_BO","DM114190","http://redcats-usa-t.neolane.net/res/img/ADF63EC73CB0204AA7FA85CEB2382238.jpg","http://www.bcoutlet.com/Discount-MENS-BIG-and-TALL.aspx?DeptId=13893","MENS-BIG-and-TALL"
"src","OSPG_BO","DM114190","http://redcats-usa-t.neolane.net/res/img/DCC3D807E60EEA8C76A28A9C3F6123E1.jpg","http://www.bcoutlet.com/Discount-OUTLET-EXCLUSIVES.aspx?DeptId=19145","OUTLET-EXCLUSIVES"
"src","OSPG_BO","DM114190","http://redcats-usa-t.neolane.net/res/img/14CDE70868E1E70E4E3CFCF0427AFE3D.jpg","http://www.bcoutlet.com/Discount-Shoes.aspx?DeptId=13869","Shoes"
"src","OSPG_BO","DM114190","http://redcats-usa-t.neolane.net/res/img/909DE129462E83E886768E98A0F12A5C.jpg","http://www.bcoutlet.com/Discount-FOR-THE-HOME.aspx?DeptId=13924","FOR-THE-HOME"
"src","OSPG_BO","DM114190","http://redcats-usa-t.neolane.net/res/img/56315CFA07DF6EA09BDBFA8D90362E5E.jpg","http://www.bcoutlet.com/Discount-999-and-Under.aspx?DeptId=18379","999-and-Under"
"src","OSPG_BO","DM114190","http://redcats-usa-t.neolane.net/res/img/797B1E7C1AD53983BD6F6F1D946C1304.jpg","http://www.bcoutlet.com/Discount-Recently-Reduced.aspx?DeptId=14941","Recently-Reduced"
"src","OSPG_BO","DM114190","http://redcats-usa-t.neolane.net/res/img/21DFC74EE8EB7DB3836F9A263CA03EC2.jpg","http://www.bcoutlet.com/Discount-Womens-Plus-Size.aspx?DeptId=16364","Womens-Plus-Size"
"src","OSPG_BO","DM114190","http://redcats-usa-t.neolane.net/res/img/36F141D39997794D01DBF364DBAD33D2.jpg","http://www.bcoutlet.com/Discount-WOMENS-PLUS-SIZE.aspx?DeptId=13847","WOMENS-PLUS-SIZE"
"src","OSPG_BO","DM114190","http://redcats-usa-t.neolane.net/res/img/3840AAF1A5EC3CF3346C7CAE4A5A0ACB.jpg","http://www.bcoutlet.com/Discount-Jackets-and-Blazers.aspx?DeptId=13859","Jackets-and-Blazers"
"src","OSPG_BO","DM114190","http://redcats-usa-t.neolane.net/res/img/94601D140FBF4106D36BAB868806C59F.jpg","http://www.bcoutlet.com/Discount-Activewear.aspx?DeptId=18056","Activewear"
"src","OSPG_BO","DM114190","http://redcats-usa-t.neolane.net/res/img/ADC76890EB4A9D0B3837BF13BF1EDAD9.jpg","http://www.bcoutlet.com/Discount-Jackets-and-Blazers.aspx?DeptId=13859","Jackets-and-Blazers"
"src","OSPG_BO","DM114190","http://redcats-usa-t.neolane.net/res/img/5428E56FA155E0A69A17B2A2A3AA11EC.jpg","http://www.bcoutlet.com/Discount-Athletic.aspx?DeptId=13902","Athletic"
"src","OSPG_BO","DM114192","http://redcats-usa-t.neolane.net/res/img/44CC5ABE2CBCAB0B2F6D18EC82C13D25.jpg","http://www.bcoutlet.com/Discount-Womens-Plus-Size.aspx?DeptId=16364","Womens-Plus-Size"
"src","OSPG_BO","DM114192","http://redcats-usa-t.neolane.net/res/img/ADF63EC73CB0204AA7FA85CEB2382238.jpg","http://www.bcoutlet.com/Discount-MENS-BIG-and-TALL.aspx?DeptId=13893","MENS-BIG-and-TALL"
"src","OSPG_BO","DM114192","http://redcats-usa-t.neolane.net/res/img/DCC3D807E60EEA8C76A28A9C3F6123E1.jpg","http://www.bcoutlet.com/Discount-OUTLET-EXCLUSIVES.aspx?DeptId=19145","OUTLET-EXCLUSIVES"
"src","OSPG_BO","DM114192","http://redcats-usa-t.neolane.net/res/img/14CDE70868E1E70E4E3CFCF0427AFE3D.jpg","http://www.bcoutlet.com/Discount-Shoes.aspx?DeptId=13869","Shoes"
"src","OSPG_BO","DM114192","http://redcats-usa-t.neolane.net/res/img/909DE129462E83E886768E98A0F12A5C.jpg","http://www.bcoutlet.com/Discount-FOR-THE-HOME.aspx?DeptId=13924","FOR-THE-HOME"
"src","OSPG_BO","DM114192","http://redcats-usa-t.neolane.net/res/img/56315CFA07DF6EA09BDBFA8D90362E5E.jpg","http://www.bcoutlet.com/Discount-999-and-Under.aspx?DeptId=18379","999-and-Under"
"src","OSPG_BO","DM114192","http://redcats-usa-t.neolane.net/res/img/797B1E7C1AD53983BD6F6F1D946C1304.jpg","http://www.bcoutlet.com/Discount-Recently-Reduced.aspx?DeptId=14941","Recently-Reduced"
"src","OSPG_BO","DM114192","http://redcats-usa-t.neolane.net/res/img/21DFC74EE8EB7DB3836F9A263CA03EC2.jpg","http://www.bcoutlet.com/Discount-Womens-Plus-Size.aspx?DeptId=16364","Womens-Plus-Size"
"src","OSPG_BO","DM114192","http://redcats-usa-t.neolane.net/res/img/36F141D39997794D01DBF364DBAD33D2.jpg","http://www.bcoutlet.com/Discount-WOMENS-PLUS-SIZE.aspx?DeptId=13847","WOMENS-PLUS-SIZE"
"src","OSPG_BO","DM114192","http://redcats-usa-t.neolane.net/res/img/3840AAF1A5EC3CF3346C7CAE4A5A0ACB.jpg","http://www.bcoutlet.com/Discount-Jackets-and-Blazers.aspx?DeptId=13859","Jackets-and-Blazers"
"src","OSPG_BO","DM114192","http://redcats-usa-t.neolane.net/res/img/94601D140FBF4106D36BAB868806C59F.jpg","http://www.bcoutlet.com/Discount-Activewear.aspx?DeptId=18056","Activewear"
"src","OSPG_BO","DM114192","http://redcats-usa-t.neolane.net/res/img/ADC76890EB4A9D0B3837BF13BF1EDAD9.jpg","http://www.bcoutlet.com/Discount-Jackets-and-Blazers.aspx?DeptId=13859","Jackets-and-Blazers"
"src","OSPG_BO","DM114192","http://redcats-usa-t.neolane.net/res/img/5428E56FA155E0A69A17B2A2A3AA11EC.jpg","http://www.bcoutlet.com/Discount-Athletic.aspx?DeptId=13902","Athletic"
"src","OSPG_BO","DM115279","http://redcats-usa-t.neolane.net/res/img/44CC5ABE2CBCAB0B2F6D18EC82C13D25.jpg","http://www.bcoutlet.com/Discount-Womens-Plus-Size.aspx?DeptId=16364","Womens-Plus-Size"
"src","OSPG_BO","DM115279","http://redcats-usa-t.neolane.net/res/img/ADF63EC73CB0204AA7FA85CEB2382238.jpg","http://www.bcoutlet.com/Discount-MENS-BIG-and-TALL.aspx?DeptId=13893","MENS-BIG-and-TALL"
"src","OSPG_BO","DM115279","http://redcats-usa-t.neolane.net/res/img/DCC3D807E60EEA8C76A28A9C3F6123E1.jpg","http://www.bcoutlet.com/Discount-OUTLET-EXCLUSIVES.aspx?DeptId=19145","OUTLET-EXCLUSIVES"
"src","OSPG_BO","DM115279","http://redcats-usa-t.neolane.net/res/img/14CDE70868E1E70E4E3CFCF0427AFE3D.jpg","http://www.bcoutlet.com/Discount-Shoes.aspx?DeptId=13869","Shoes"
"src","OSPG_BO","DM115279","http://redcats-usa-t.neolane.net/res/img/909DE129462E83E886768E98A0F12A5C.jpg","http://www.bcoutlet.com/Discount-FOR-THE-HOME.aspx?DeptId=13924","FOR-THE-HOME"
"src","OSPG_BO","DM115279","http://redcats-usa-t.neolane.net/res/img/56315CFA07DF6EA09BDBFA8D90362E5E.jpg","http://www.bcoutlet.com/Discount-999-and-Under.aspx?DeptId=18379","999-and-Under"
"src","OSPG_BO","DM115279","http://redcats-usa-t.neolane.net/res/img/797B1E7C1AD53983BD6F6F1D946C1304.jpg","http://www.bcoutlet.com/Discount-Recently-Reduced.aspx?DeptId=14941","Recently-Reduced"
"src","OSPG_BO","DM115279","http://redcats-usa-t.neolane.net/res/img/21DFC74EE8EB7DB3836F9A263CA03EC2.jpg","http://www.bcoutlet.com/Discount-Womens-Plus-Size.aspx?DeptId=16364","Womens-Plus-Size"
"src","OSPG_BO","DM115279","http://redcats-usa-t.neolane.net/res/img/1E1505C7BC78B761A8FFE18CF52310A8.jpg","http://www.bcoutlet.com/Discount-Womens-Plus-Size.aspx?DeptId=16364","Womens-Plus-Size"
"src","OSPG_BO","DM115279","http://redcats-usa-t.neolane.net/res/img/6C4A92C17E64CCFC2D97DB9554C1B42C.jpg","http://www.bcoutlet.com/Discount-Coats.aspx?DeptId=13857","Coats"
"src","OSPG_BO","DM115279","http://redcats-usa-t.neolane.net/res/img/C58232893F635E0CE61097C174F5D29F.jpg","http://www.bcoutlet.com/Discount-Coats-and-Jackets.aspx?DeptId=14381","Coats-and-Jackets"
"src","OSPG_BO","DM115279","http://redcats-usa-t.neolane.net/res/img/17EFF0BD1FB87CBC901874AFA331737D.jpg","http://www.bcoutlet.com/Discount-Boots.aspx?DeptId=13872","Boots"
"src","OSPG_BO","DM115281","http://redcats-usa-t.neolane.net/res/img/44CC5ABE2CBCAB0B2F6D18EC82C13D25.jpg","http://www.bcoutlet.com/Discount-Womens-Plus-Size.aspx?DeptId=16364","Womens-Plus-Size"
"src","OSPG_BO","DM115281","http://redcats-usa-t.neolane.net/res/img/ADF63EC73CB0204AA7FA85CEB2382238.jpg","http://www.bcoutlet.com/Discount-MENS-BIG-and-TALL.aspx?DeptId=13893","MENS-BIG-and-TALL"
"src","OSPG_BO","DM115281","http://redcats-usa-t.neolane.net/res/img/DCC3D807E60EEA8C76A28A9C3F6123E1.jpg","http://www.bcoutlet.com/Discount-OUTLET-EXCLUSIVES.aspx?DeptId=19145","OUTLET-EXCLUSIVES"
"src","OSPG_BO","DM115281","http://redcats-usa-t.neolane.net/res/img/14CDE70868E1E70E4E3CFCF0427AFE3D.jpg","http://www.bcoutlet.com/Discount-Shoes.aspx?DeptId=13869","Shoes"
"src","OSPG_BO","DM115281","http://redcats-usa-t.neolane.net/res/img/909DE129462E83E886768E98A0F12A5C.jpg","http://www.bcoutlet.com/Discount-FOR-THE-HOME.aspx?DeptId=13924","FOR-THE-HOME"
"src","OSPG_BO","DM115281","http://redcats-usa-t.neolane.net/res/img/56315CFA07DF6EA09BDBFA8D90362E5E.jpg","http://www.bcoutlet.com/Discount-999-and-Under.aspx?DeptId=18379","999-and-Under"
"src","OSPG_BO","DM115281","http://redcats-usa-t.neolane.net/res/img/797B1E7C1AD53983BD6F6F1D946C1304.jpg","http://www.bcoutlet.com/Discount-Recently-Reduced.aspx?DeptId=14941","Recently-Reduced"
"src","OSPG_BO","DM115281","http://redcats-usa-t.neolane.net/res/img/21DFC74EE8EB7DB3836F9A263CA03EC2.jpg","http://www.bcoutlet.com/Discount-Womens-Plus-Size.aspx?DeptId=16364","Womens-Plus-Size"
"src","OSPG_BO","DM115281","http://redcats-usa-t.neolane.net/res/img/C6351AA1503342A16AD58B2AEBD0EE0D.jpg","http://www.bcoutlet.com/Discount-Womens-Plus-Size.aspx?DeptId=16364","Womens-Plus-Size"
"src","OSPG_BO","DM115281","http://redcats-usa-t.neolane.net/res/img/6C4A92C17E64CCFC2D97DB9554C1B42C.jpg","http://www.bcoutlet.com/Discount-Coats.aspx?DeptId=13857","Coats"
"src","OSPG_BO","DM115281","http://redcats-usa-t.neolane.net/res/img/C58232893F635E0CE61097C174F5D29F.jpg","http://www.bcoutlet.com/Discount-Coats-and-Jackets.aspx?DeptId=14381","Coats-and-Jackets"
"src","OSPG_BO","DM115281","http://redcats-usa-t.neolane.net/res/img/17EFF0BD1FB87CBC901874AFA331737D.jpg","http://www.bcoutlet.com/Discount-Boots.aspx?DeptId=13872","Boots"
"src","OSPG_BO","DM115282","http://redcats-usa-t.neolane.net/res/img/44CC5ABE2CBCAB0B2F6D18EC82C13D25.jpg","http://www.bcoutlet.com/Discount-Womens-Plus-Size.aspx?DeptId=16364","Womens-Plus-Size"
"src","OSPG_BO","DM115282","http://redcats-usa-t.neolane.net/res/img/ADF63EC73CB0204AA7FA85CEB2382238.jpg","http://www.bcoutlet.com/Discount-MENS-BIG-and-TALL.aspx?DeptId=13893","MENS-BIG-and-TALL"
"src","OSPG_BO","DM115282","http://redcats-usa-t.neolane.net/res/img/DCC3D807E60EEA8C76A28A9C3F6123E1.jpg","http://www.bcoutlet.com/Discount-OUTLET-EXCLUSIVES.aspx?DeptId=19145","OUTLET-EXCLUSIVES"
"src","OSPG_BO","DM115282","http://redcats-usa-t.neolane.net/res/img/14CDE70868E1E70E4E3CFCF0427AFE3D.jpg","http://www.bcoutlet.com/Discount-Shoes.aspx?DeptId=13869","Shoes"
"src","OSPG_BO","DM115282","http://redcats-usa-t.neolane.net/res/img/909DE129462E83E886768E98A0F12A5C.jpg","http://www.bcoutlet.com/Discount-FOR-THE-HOME.aspx?DeptId=13924","FOR-THE-HOME"
"src","OSPG_BO","DM115282","http://redcats-usa-t.neolane.net/res/img/56315CFA07DF6EA09BDBFA8D90362E5E.jpg","http://www.bcoutlet.com/Discount-999-and-Under.aspx?DeptId=18379","999-and-Under"
"src","OSPG_BO","DM115282","http://redcats-usa-t.neolane.net/res/img/797B1E7C1AD53983BD6F6F1D946C1304.jpg","http://www.bcoutlet.com/Discount-Recently-Reduced.aspx?DeptId=14941","Recently-Reduced"
"src","OSPG_BO","DM115282","http://redcats-usa-t.neolane.net/res/img/21DFC74EE8EB7DB3836F9A263CA03EC2.jpg","http://www.bcoutlet.com/Discount-Womens-Plus-Size.aspx?DeptId=16364","Womens-Plus-Size"
"src","OSPG_BO","DM115282","http://redcats-usa-t.neolane.net/res/img/1E1505C7BC78B761A8FFE18CF52310A8.jpg","http://www.bcoutlet.com/Discount-Womens-Plus-Size.aspx?DeptId=16364","Womens-Plus-Size"
"src","OSPG_BO","DM115282","http://redcats-usa-t.neolane.net/res/img/6C4A92C17E64CCFC2D97DB9554C1B42C.jpg","http://www.bcoutlet.com/Discount-Coats.aspx?DeptId=13857","Coats"
"src","OSPG_BO","DM115282","http://redcats-usa-t.neolane.net/res/img/C58232893F635E0CE61097C174F5D29F.jpg","http://www.bcoutlet.com/Discount-Coats-and-Jackets.aspx?DeptId=14381","Coats-and-Jackets"
"src","OSPG_BO","DM115282","http://redcats-usa-t.neolane.net/res/img/17EFF0BD1FB87CBC901874AFA331737D.jpg","http://www.bcoutlet.com/Discount-Boots.aspx?DeptId=13872","Boots"
"src","OSPG_BO","DM115284","http://redcats-usa-t.neolane.net/res/img/44CC5ABE2CBCAB0B2F6D18EC82C13D25.jpg","http://www.bcoutlet.com/Discount-Womens-Plus-Size.aspx?DeptId=16364","Womens-Plus-Size"
"src","OSPG_BO","DM115284","http://redcats-usa-t.neolane.net/res/img/ADF63EC73CB0204AA7FA85CEB2382238.jpg","http://www.bcoutlet.com/Discount-MENS-BIG-and-TALL.aspx?DeptId=13893","MENS-BIG-and-TALL"
"src","OSPG_BO","DM115284","http://redcats-usa-t.neolane.net/res/img/DCC3D807E60EEA8C76A28A9C3F6123E1.jpg","http://www.bcoutlet.com/Discount-OUTLET-EXCLUSIVES.aspx?DeptId=19145","OUTLET-EXCLUSIVES"
"src","OSPG_BO","DM115284","http://redcats-usa-t.neolane.net/res/img/14CDE70868E1E70E4E3CFCF0427AFE3D.jpg","http://www.bcoutlet.com/Discount-Shoes.aspx?DeptId=13869","Shoes"
"src","OSPG_BO","DM115284","http://redcats-usa-t.neolane.net/res/img/909DE129462E83E886768E98A0F12A5C.jpg","http://www.bcoutlet.com/Discount-FOR-THE-HOME.aspx?DeptId=13924","FOR-THE-HOME"
"src","OSPG_BO","DM115284","http://redcats-usa-t.neolane.net/res/img/56315CFA07DF6EA09BDBFA8D90362E5E.jpg","http://www.bcoutlet.com/Discount-999-and-Under.aspx?DeptId=18379","999-and-Under"
"src","OSPG_BO","DM115284","http://redcats-usa-t.neolane.net/res/img/797B1E7C1AD53983BD6F6F1D946C1304.jpg","http://www.bcoutlet.com/Discount-Recently-Reduced.aspx?DeptId=14941","Recently-Reduced"
"src","OSPG_BO","DM115284","http://redcats-usa-t.neolane.net/res/img/21DFC74EE8EB7DB3836F9A263CA03EC2.jpg","http://www.bcoutlet.com/Discount-Womens-Plus-Size.aspx?DeptId=16364","Womens-Plus-Size"
"src","OSPG_BO","DM115284","http://redcats-usa-t.neolane.net/res/img/80C1E3779430E519860A15A4E29786BE.jpg","http://www.bcoutlet.com/Discount-WOMENS-PLUS-SIZE.aspx?DeptId=13847","WOMENS-PLUS-SIZE"
"src","OSPG_BO","DM115284","http://redcats-usa-t.neolane.net/res/img/6C4A92C17E64CCFC2D97DB9554C1B42C.jpg","http://www.bcoutlet.com/Discount-Coats.aspx?DeptId=13857","Coats"
"src","OSPG_BO","DM115284","http://redcats-usa-t.neolane.net/res/img/C58232893F635E0CE61097C174F5D29F.jpg","http://www.bcoutlet.com/Discount-Coats-and-Jackets.aspx?DeptId=14381","Coats-and-Jackets"
"src","OSPG_BO","DM115284","http://redcats-usa-t.neolane.net/res/img/17EFF0BD1FB87CBC901874AFA331737D.jpg","http://www.bcoutlet.com/Discount-Boots.aspx?DeptId=13872","Boots"
"src","OSPG_BO","DM115990","http://redcats-usa-t.neolane.net/res/img/44CC5ABE2CBCAB0B2F6D18EC82C13D25.jpg","http://www.bcoutlet.com/Discount-Womens-Plus-Size.aspx?DeptId=16364","Womens-Plus-Size"
"src","OSPG_BO","DM115990","http://redcats-usa-t.neolane.net/res/img/ADF63EC73CB0204AA7FA85CEB2382238.jpg","http://www.bcoutlet.com/Discount-MENS-BIG-and-TALL.aspx?DeptId=13893","MENS-BIG-and-TALL"
"src","OSPG_BO","DM115990","http://redcats-usa-t.neolane.net/res/img/DCC3D807E60EEA8C76A28A9C3F6123E1.jpg","http://www.bcoutlet.com/Discount-OUTLET-EXCLUSIVES.aspx?DeptId=19145","OUTLET-EXCLUSIVES"
"src","OSPG_BO","DM115990","http://redcats-usa-t.neolane.net/res/img/14CDE70868E1E70E4E3CFCF0427AFE3D.jpg","http://www.bcoutlet.com/Discount-Shoes.aspx?DeptId=13869","Shoes"
"src","OSPG_BO","DM115990","http://redcats-usa-t.neolane.net/res/img/909DE129462E83E886768E98A0F12A5C.jpg","http://www.bcoutlet.com/Discount-FOR-THE-HOME.aspx?DeptId=13924","FOR-THE-HOME"
"src","OSPG_BO","DM115990","http://redcats-usa-t.neolane.net/res/img/56315CFA07DF6EA09BDBFA8D90362E5E.jpg","http://www.bcoutlet.com/Discount-999-and-Under.aspx?DeptId=18379","999-and-Under"
"src","OSPG_BO","DM115990","http://redcats-usa-t.neolane.net/res/img/797B1E7C1AD53983BD6F6F1D946C1304.jpg","http://www.bcoutlet.com/Discount-Recently-Reduced.aspx?DeptId=14941","Recently-Reduced"
"src","OSPG_BO","DM115990","http://redcats-usa-t.neolane.net/res/img/21DFC74EE8EB7DB3836F9A263CA03EC2.jpg","http://www.bcoutlet.com/Discount-Womens-Plus-Size.aspx?DeptId=16364","Womens-Plus-Size"
"src","OSPG_BO","DM115990","http://redcats-usa-t.neolane.net/res/img/11B639E0205E09182043A0166CC36DDB.jpg","http://www.bcoutlet.com/Discount-FOR-THE-HOME.aspx?DeptId=13924","FOR-THE-HOME"
"src","OSPG_BO","DM115990","http://redcats-usa-t.neolane.net/res/img/3B6C98E7373F8543C27628130DCFA519.jpg","http://www.bcoutlet.com/Discount-Seasonal-and-Holiday.aspx?DeptId=13946","Seasonal-and-Holiday"
"src","OSPG_BO","DM115991","http://redcats-usa-t.neolane.net/res/img/44CC5ABE2CBCAB0B2F6D18EC82C13D25.jpg","http://www.bcoutlet.com/Discount-Womens-Plus-Size.aspx?DeptId=16364","Womens-Plus-Size"
"src","OSPG_BO","DM115991","http://redcats-usa-t.neolane.net/res/img/ADF63EC73CB0204AA7FA85CEB2382238.jpg","http://www.bcoutlet.com/Discount-MENS-BIG-and-TALL.aspx?DeptId=13893","MENS-BIG-and-TALL"
"src","OSPG_BO","DM115991","http://redcats-usa-t.neolane.net/res/img/DCC3D807E60EEA8C76A28A9C3F6123E1.jpg","http://www.bcoutlet.com/Discount-OUTLET-EXCLUSIVES.aspx?DeptId=19145","OUTLET-EXCLUSIVES"
"src","OSPG_BO","DM115991","http://redcats-usa-t.neolane.net/res/img/14CDE70868E1E70E4E3CFCF0427AFE3D.jpg","http://www.bcoutlet.com/Discount-Shoes.aspx?DeptId=13869","Shoes"
"src","OSPG_BO","DM115991","http://redcats-usa-t.neolane.net/res/img/909DE129462E83E886768E98A0F12A5C.jpg","http://www.bcoutlet.com/Discount-FOR-THE-HOME.aspx?DeptId=13924","FOR-THE-HOME"
"src","OSPG_BO","DM115991","http://redcats-usa-t.neolane.net/res/img/56315CFA07DF6EA09BDBFA8D90362E5E.jpg","http://www.bcoutlet.com/Discount-999-and-Under.aspx?DeptId=18379","999-and-Under"
"src","OSPG_BO","DM115991","http://redcats-usa-t.neolane.net/res/img/797B1E7C1AD53983BD6F6F1D946C1304.jpg","http://www.bcoutlet.com/Discount-Recently-Reduced.aspx?DeptId=14941","Recently-Reduced"
"src","OSPG_BO","DM115991","http://redcats-usa-t.neolane.net/res/img/21DFC74EE8EB7DB3836F9A263CA03EC2.jpg","http://www.bcoutlet.com/Discount-Womens-Plus-Size.aspx?DeptId=16364","Womens-Plus-Size"
"src","OSPG_BO","DM115991","http://redcats-usa-t.neolane.net/res/img/FC90AD042157654D210B7F6624335FDD.jpg","http://www.bcoutlet.com/Discount-WOMENS-PLUS-SIZE.aspx?DeptId=13847","WOMENS-PLUS-SIZE"
"src","OSPG_BO","DM115991","http://redcats-usa-t.neolane.net/res/img/3B6C98E7373F8543C27628130DCFA519.jpg","http://www.bcoutlet.com/Discount-Seasonal-and-Holiday.aspx?DeptId=13946","Seasonal-and-Holiday"
"src","OSPG_BO","DM115992","http://redcats-usa-t.neolane.net/res/img/44CC5ABE2CBCAB0B2F6D18EC82C13D25.jpg","http://www.bcoutlet.com/Discount-Womens-Plus-Size.aspx?DeptId=16364","Womens-Plus-Size"
"src","OSPG_BO","DM115992","http://redcats-usa-t.neolane.net/res/img/ADF63EC73CB0204AA7FA85CEB2382238.jpg","http://www.bcoutlet.com/Discount-MENS-BIG-and-TALL.aspx?DeptId=13893","MENS-BIG-and-TALL"
"src","OSPG_BO","DM115992","http://redcats-usa-t.neolane.net/res/img/DCC3D807E60EEA8C76A28A9C3F6123E1.jpg","http://www.bcoutlet.com/Discount-OUTLET-EXCLUSIVES.aspx?DeptId=19145","OUTLET-EXCLUSIVES"
"src","OSPG_BO","DM115992","http://redcats-usa-t.neolane.net/res/img/14CDE70868E1E70E4E3CFCF0427AFE3D.jpg","http://www.bcoutlet.com/Discount-Shoes.aspx?DeptId=13869","Shoes"
"src","OSPG_BO","DM115992","http://redcats-usa-t.neolane.net/res/img/909DE129462E83E886768E98A0F12A5C.jpg","http://www.bcoutlet.com/Discount-FOR-THE-HOME.aspx?DeptId=13924","FOR-THE-HOME"
"src","OSPG_BO","DM115992","http://redcats-usa-t.neolane.net/res/img/56315CFA07DF6EA09BDBFA8D90362E5E.jpg","http://www.bcoutlet.com/Discount-999-and-Under.aspx?DeptId=18379","999-and-Under"
"src","OSPG_BO","DM115992","http://redcats-usa-t.neolane.net/res/img/797B1E7C1AD53983BD6F6F1D946C1304.jpg","http://www.bcoutlet.com/Discount-Recently-Reduced.aspx?DeptId=14941","Recently-Reduced"
"src","OSPG_BO","DM115992","http://redcats-usa-t.neolane.net/res/img/21DFC74EE8EB7DB3836F9A263CA03EC2.jpg","http://www.bcoutlet.com/Discount-Womens-Plus-Size.aspx?DeptId=16364","Womens-Plus-Size"
"src","OSPG_BO","DM115992","http://redcats-usa-t.neolane.net/res/img/BD24C25AB1622C0B9B71CC163A6C6814.jpg","http://www.bcoutlet.com/Discount-Womens-Plus-Size.aspx?DeptId=16364","Womens-Plus-Size"
"src","OSPG_BO","DM115992","http://redcats-usa-t.neolane.net/res/img/3B6C98E7373F8543C27628130DCFA519.jpg","http://www.bcoutlet.com/Discount-Seasonal-and-Holiday.aspx?DeptId=13946","Seasonal-and-Holiday"
"src","OSPG_BO","DM115994","http://redcats-usa-t.neolane.net/res/img/44CC5ABE2CBCAB0B2F6D18EC82C13D25.jpg","http://www.bcoutlet.com/Discount-Womens-Plus-Size.aspx?DeptId=16364","Womens-Plus-Size"
"src","OSPG_BO","DM115994","http://redcats-usa-t.neolane.net/res/img/ADF63EC73CB0204AA7FA85CEB2382238.jpg","http://www.bcoutlet.com/Discount-MENS-BIG-and-TALL.aspx?DeptId=13893","MENS-BIG-and-TALL"
"src","OSPG_BO","DM115994","http://redcats-usa-t.neolane.net/res/img/DCC3D807E60EEA8C76A28A9C3F6123E1.jpg","http://www.bcoutlet.com/Discount-OUTLET-EXCLUSIVES.aspx?DeptId=19145","OUTLET-EXCLUSIVES"
"src","OSPG_BO","DM115994","http://redcats-usa-t.neolane.net/res/img/14CDE70868E1E70E4E3CFCF0427AFE3D.jpg","http://www.bcoutlet.com/Discount-Shoes.aspx?DeptId=13869","Shoes"
"src","OSPG_BO","DM115994","http://redcats-usa-t.neolane.net/res/img/909DE129462E83E886768E98A0F12A5C.jpg","http://www.bcoutlet.com/Discount-FOR-THE-HOME.aspx?DeptId=13924","FOR-THE-HOME"
"src","OSPG_BO","DM115994","http://redcats-usa-t.neolane.net/res/img/56315CFA07DF6EA09BDBFA8D90362E5E.jpg","http://www.bcoutlet.com/Discount-999-and-Under.aspx?DeptId=18379","999-and-Under"
"src","OSPG_BO","DM115994","http://redcats-usa-t.neolane.net/res/img/797B1E7C1AD53983BD6F6F1D946C1304.jpg","http://www.bcoutlet.com/Discount-Recently-Reduced.aspx?DeptId=14941","Recently-Reduced"
"src","OSPG_BO","DM115994","http://redcats-usa-t.neolane.net/res/img/21DFC74EE8EB7DB3836F9A263CA03EC2.jpg","http://www.bcoutlet.com/Discount-Womens-Plus-Size.aspx?DeptId=16364","Womens-Plus-Size"
"src","OSPG_BO","DM115994","http://redcats-usa-t.neolane.net/res/img/D567E465CEAA11886CBFEDB015B14CAB.jpg","http://www.bcoutlet.com/Discount-WOMENS-PLUS-SIZE.aspx?DeptId=13847","WOMENS-PLUS-SIZE"
"src","OSPG_BO","DM115994","http://redcats-usa-t.neolane.net/res/img/6C4A92C17E64CCFC2D97DB9554C1B42C.jpg","http://www.bcoutlet.com/Discount-Coats.aspx?DeptId=13857","Coats"
"src","OSPG_BO","DM115994","http://redcats-usa-t.neolane.net/res/img/C58232893F635E0CE61097C174F5D29F.jpg","http://www.bcoutlet.com/Discount-Coats-and-Jackets.aspx?DeptId=14381","Coats-and-Jackets"
"src","OSPG_BO","DM115994","http://redcats-usa-t.neolane.net/res/img/17EFF0BD1FB87CBC901874AFA331737D.jpg","http://www.bcoutlet.com/Discount-Boots.aspx?DeptId=13872","Boots"
