"src","OSPG_OS","DM115149","http://redcats-usa-t.neolane.net/res/img/B5ECA44ABD5F152173A77638746901F4.jpg","http://www.onestopplus.com/Plus-Size-Clothing.aspx?DeptId=11542&promocoupon=FBPREZDAY","Clothing"
"src","OSPG_OS","DM115149","http://redcats-usa-t.neolane.net/res/img/653243C7C3FBBC5010A06E6BF6D3864B.jpg","http://www.onestopplus.com/Plus-Size-Dresses.aspx?DeptId=11583&promocoupon=FBPREZDAY","Dresses"
"src","OSPG_OS","DM115149","http://redcats-usa-t.neolane.net/res/img/505437854ECEA3F2719EC5C2DF2AAD18.jpg","http://www.onestopplus.com/Plus-Size-Shirts-and-Blouses.aspx?DeptId=11553&promocoupon=FBPREZDAY","Shirts-and-Blouses"
"src","OSPG_OS","DM115149","http://redcats-usa-t.neolane.net/res/img/96B1DB2466BC89D2629883DAB5E3887B.jpg","http://www.onestopplus.com/Plus-Size-Denim-Shop.aspx?DeptId=11558&promocoupon=FBPREZDAY","Denim-Shop"
"src","OSPG_OS","DM115149","http://redcats-usa-t.neolane.net/res/img/5E382746AE4783DF18999BC67B951A43.jpg","http://www.onestopplus.com/Plus-Size-Tunics.aspx?DeptId=15990&promocoupon=FBPREZDAY","Tunics"
"src","OSPG_OS","DM115149","http://redcats-usa-t.neolane.net/res/img/C04FCE3F5DED787D3FB0C12EF67740EE.jpg","http://www.onestopplus.com/Plus-Size-Swimwear.aspx?DeptId=20419&promocoupon=FBPREZDAY","Swimwear"
"src","OSPG_OS","DM115149","http://redcats-usa-t.neolane.net/res/img/592EF983669CDC561ABA44B2441E99E2.jpg","http://www.onestopplus.com/Plus-Size-Jackets-and-Blazers.aspx?DeptId=11582&promocoupon=FBPREZDAY","Jackets-and-Blazers"
"src","OSPG_OS","DM115149","http://redcats-usa-t.neolane.net/res/img/C152668E52E5AFFD9EAFBAB45F7EBCC1.jpg","http://www.onestopplus.com/Plus-Size-Shoes-and-Accessories.aspx?DeptId=11679&promocoupon=FBPREZDAY","Shoes-and-Accessories"
"src","OSPG_OS","DM115149","http://redcats-usa-t.neolane.net/res/img/7659456BAA9EDC3D1653F81159D01015.jpg","http://www.onestopplus.com/Plus-Size-Lingerie-and-Sleepwear.aspx?DeptId=11751&promocoupon=FBPREZDAY","Lingerie-and-Sleepwear"
"src","OSPG_OS","DM115149","http://redcats-usa-t.neolane.net/res/img/5FA693D9D920542D67E5F9BFED833882.jpg","http://www.onestopplus.com/Plus-Size-Tops-and-Tees.aspx?DeptId=11543&promocoupon=FBPREZDAY","Tops-and-Tees"
"src","OSPG_OS","DM115149","http://redcats-usa-t.neolane.net/res/img/B40A2698688E627C13856710460583C6.jpg","http://www.onestopplus.com/Plus-Size-jessica-london-spring-wardrobe-sale.aspx?DeptId=28318&promocoupon=FBPREZDAY","jessica-london-spring-wardrobe-sale"
"src","OSPG_OS","DM115149","http://redcats-usa-t.neolane.net/res/img/61F0B4BE7071CE9679F0836D2FB17B2B.jpg","http://www.onestopplus.com/Plus-Size-Holidays-Your-Way.aspx?DeptId=28090","Holidays-Your-Way"
"src","OSPG_OS","DM115149","http://redcats-usa-t.neolane.net/res/img/DF5282A7687D1C3E6834A06DB7B81477.jpg","http://www.onestopplus.com/Plus-Size-SWEATERS-LOOKBOOK.aspx?DeptId=28311","SWEATERS-LOOKBOOK"
"src","OSPG_OS","DM115149","http://redcats-usa-t.neolane.net/res/img/4B4766462B50A0D378E20A78BF17CA71.jpg","http://www.onestopplus.com/Plus-Size-Get-the-Look.aspx?DeptId=28169","Get-the-Look"
"src","OSPG_OS","DM115150","http://redcats-usa-t.neolane.net/res/img/61F0B4BE7071CE9679F0836D2FB17B2B.jpg","http://www.onestopplus.com/Plus-Size-Holidays-Your-Way.aspx?DeptId=28090","Holidays-Your-Way"
"src","OSPG_OS","DM115150","http://redcats-usa-t.neolane.net/res/img/A6DE7D7EDC623DE324C077740B109DB3.jpg","http://www.onestopplus.com/Plus-Size-Denim-favorites-lookbook.aspx?DeptId=28316","Denim-favorites-lookbook"
"src","OSPG_OS","DM115150","http://redcats-usa-t.neolane.net/res/img/29A240CE906B73F36D1B2385FAE0CC91.jpg","http://www.onestopplus.com/Plus-Size-Get-the-Look.aspx?DeptId=28169","Get-the-Look"
"src","OSPG_OS","DM115151","http://redcats-usa-t.neolane.net/res/img/7411D6AC5D81BD65D7388809C501B56B.jpg","http://www.onestopplus.com/Plus-Size-Biggest-Winter-Sale.aspx?DeptId=28414","Biggest-Winter-Sale"
"src","OSPG_OS","DM115151","http://redcats-usa-t.neolane.net/res/img/5AAC9B143B2720F0B3254CC185C21268.jpg","http://www.onestopplus.com/Plus-Size-Woman-Within-Denim-BOGO.aspx?DeptId=28202","Woman-Within-Denim-BOGO"
"src","OSPG_OS","DM115151","http://redcats-usa-t.neolane.net/res/img/0492C001F485466B52C1FDC0B49348A0.jpg","http://www.onestopplus.com/Plus-Size-Bra-BOGO.aspx?DeptId=28317","Bra-BOGO"
"src","OSPG_OS","DM115151","http://redcats-usa-t.neolane.net/res/img/61F0B4BE7071CE9679F0836D2FB17B2B.jpg","http://www.onestopplus.com/Plus-Size-Holidays-Your-Way.aspx?DeptId=28090","Holidays-Your-Way"
"src","OSPG_OS","DM115151","http://redcats-usa-t.neolane.net/res/img/A6DE7D7EDC623DE324C077740B109DB3.jpg","http://www.onestopplus.com/Plus-Size-Denim-favorites-lookbook.aspx?DeptId=28316","Denim-favorites-lookbook"
"src","OSPG_OS","DM115151","http://redcats-usa-t.neolane.net/res/img/29A240CE906B73F36D1B2385FAE0CC91.jpg","http://www.onestopplus.com/Plus-Size-Get-the-Look.aspx?DeptId=28169","Get-the-Look"
"src","OSPG_OS","DM115152","http://redcats-usa-t.neolane.net/res/img/4346A25131E88668D56F8CF885ED4F6E.jpg","http://www.onestopplus.com/Plus-Size-Biggest-Winter-Sale.aspx?DeptId=28414","Biggest-Winter-Sale"
"src","OSPG_OS","DM115152","http://redcats-usa-t.neolane.net/res/img/5AAC9B143B2720F0B3254CC185C21268.jpg","http://www.onestopplus.com/Plus-Size-Woman-Within-Denim-BOGO.aspx?DeptId=28202","Woman-Within-Denim-BOGO"
"src","OSPG_OS","DM115152","http://redcats-usa-t.neolane.net/res/img/7059AEC045AB914A560B10689CAB25E1.jpg","http://www.onestopplus.com/Plus-Size-Curves-in-Bikini.aspx?DeptId=28309","Curves-in-Bikini"
"src","OSPG_OS","DM115152","http://redcats-usa-t.neolane.net/res/img/61F0B4BE7071CE9679F0836D2FB17B2B.jpg","http://www.onestopplus.com/Plus-Size-Holidays-Your-Way.aspx?DeptId=28090","Holidays-Your-Way"
"src","OSPG_OS","DM115152","http://redcats-usa-t.neolane.net/res/img/A6DE7D7EDC623DE324C077740B109DB3.jpg","http://www.onestopplus.com/Plus-Size-Denim-favorites-lookbook.aspx?DeptId=28316","Denim-favorites-lookbook"
"src","OSPG_OS","DM115152","http://redcats-usa-t.neolane.net/res/img/29A240CE906B73F36D1B2385FAE0CC91.jpg","http://www.onestopplus.com/Plus-Size-Get-the-Look.aspx?DeptId=28169","Get-the-Look"
"src","OSPG_OS","DM115153","http://redcats-usa-t.neolane.net/res/img/DBEAB6F9F246B850520314ED3BAFEF7C.jpg","http://www.onestopplus.com/Plus-Size-Clothing.aspx?DeptId=11542&promocoupon=FBPREZDAY","Clothing"
"src","OSPG_OS","DM115153","http://redcats-usa-t.neolane.net/res/img/653243C7C3FBBC5010A06E6BF6D3864B.jpg","http://www.onestopplus.com/Plus-Size-Dresses.aspx?DeptId=11583&promocoupon=FBPREZDAY","Dresses"
"src","OSPG_OS","DM115153","http://redcats-usa-t.neolane.net/res/img/505437854ECEA3F2719EC5C2DF2AAD18.jpg","http://www.onestopplus.com/Plus-Size-Shirts-and-Blouses.aspx?DeptId=11553&promocoupon=FBPREZDAY","Shirts-and-Blouses"
"src","OSPG_OS","DM115153","http://redcats-usa-t.neolane.net/res/img/96B1DB2466BC89D2629883DAB5E3887B.jpg","http://www.onestopplus.com/Plus-Size-Denim-Shop.aspx?DeptId=11558&promocoupon=FBPREZDAY","Denim-Shop"
"src","OSPG_OS","DM115153","http://redcats-usa-t.neolane.net/res/img/5E382746AE4783DF18999BC67B951A43.jpg","http://www.onestopplus.com/Plus-Size-Tunics.aspx?DeptId=15990&promocoupon=FBPREZDAY","Tunics"
"src","OSPG_OS","DM115153","http://redcats-usa-t.neolane.net/res/img/C04FCE3F5DED787D3FB0C12EF67740EE.jpg","http://www.onestopplus.com/Plus-Size-Swimwear.aspx?DeptId=20419&promocoupon=FBPREZDAY","Swimwear"
"src","OSPG_OS","DM115153","http://redcats-usa-t.neolane.net/res/img/592EF983669CDC561ABA44B2441E99E2.jpg","http://www.onestopplus.com/Plus-Size-Jackets-and-Blazers.aspx?DeptId=11582&promocoupon=FBPREZDAY","Jackets-and-Blazers"
"src","OSPG_OS","DM115153","http://redcats-usa-t.neolane.net/res/img/C152668E52E5AFFD9EAFBAB45F7EBCC1.jpg","http://www.onestopplus.com/Plus-Size-Shoes-and-Accessories.aspx?DeptId=11679&promocoupon=FBPREZDAY","Shoes-and-Accessories"
"src","OSPG_OS","DM115153","http://redcats-usa-t.neolane.net/res/img/7659456BAA9EDC3D1653F81159D01015.jpg","http://www.onestopplus.com/Plus-Size-Lingerie-and-Sleepwear.aspx?DeptId=11751&promocoupon=FBPREZDAY","Lingerie-and-Sleepwear"
"src","OSPG_OS","DM115153","http://redcats-usa-t.neolane.net/res/img/5FA693D9D920542D67E5F9BFED833882.jpg","http://www.onestopplus.com/Plus-Size-Tops-and-Tees.aspx?DeptId=11543&promocoupon=FBPREZDAY","Tops-and-Tees"
"src","OSPG_OS","DM115153","http://redcats-usa-t.neolane.net/res/img/47DE7F090F81F4DF9E17470F08683271.jpg","http://www.onestopplus.com/Plus-Size-Woman-Within-Denim-BOGO.aspx?DeptId=28202&promocoupon=FBPREZDAY","Woman-Within-Denim-BOGO"
"src","OSPG_OS","DM115153","http://redcats-usa-t.neolane.net/res/img/61F0B4BE7071CE9679F0836D2FB17B2B.jpg","http://www.onestopplus.com/Plus-Size-Holidays-Your-Way.aspx?DeptId=28090","Holidays-Your-Way"
"src","OSPG_OS","DM115153","http://redcats-usa-t.neolane.net/res/img/DF5282A7687D1C3E6834A06DB7B81477.jpg","http://www.onestopplus.com/Plus-Size-SWEATERS-LOOKBOOK.aspx?DeptId=28311","SWEATERS-LOOKBOOK"
"src","OSPG_OS","DM115153","http://redcats-usa-t.neolane.net/res/img/4B4766462B50A0D378E20A78BF17CA71.jpg","http://www.onestopplus.com/Plus-Size-Get-the-Look.aspx?DeptId=28169","Get-the-Look"
"src","OSPG_OS","DM115155","http://redcats-usa-t.neolane.net/res/img/056BA26255753FE04779031B10B2ED56.jpg","http://www.onestopplus.com/Plus-Size-Denim-favorites-lookbook.aspx?DeptId=28316&promocoupon=FBDENIMLKBK","Denim-favorites-lookbook"
"src","OSPG_OS","DM115155","http://redcats-usa-t.neolane.net/res/img/13C6FC8424026D3AF8AADDE222980C41.jpg","http://www.onestopplus.com/Plus-Size-Comfy-Shapes.aspx?DeptId=28420&promocoupon=FBDENIMLKBK","Comfy-Shapes"
"src","OSPG_OS","DM115155","http://redcats-usa-t.neolane.net/res/img/9AC4F42C8FFC222E1FD950F0F9BF9C26.jpg","http://www.onestopplus.com/Plus-Size-Playful-Prints.aspx?DeptId=28419&promocoupon=FBDENIMLKBK","Playful-Prints"
"src","OSPG_OS","DM115155","http://redcats-usa-t.neolane.net/res/img/89EFFB629BC73B509D67A5637951D020.jpg","http://www.onestopplus.com/Plus-Size-Flowy-Tencel.aspx?DeptId=28418&promocoupon=FBDENIMLKBK","Flowy-Tencel"
"src","OSPG_OS","DM115155","http://redcats-usa-t.neolane.net/res/img/0C64DA4C2B11AD1D19ED9F265B008D77.jpg","http://www.onestopplus.com/Plus-Size-Woman-Within-Denim-BOGO.aspx?DeptId=28202&promocoupon=FBDENIMLKBK","Woman-Within-Denim-BOGO"
"src","OSPG_OS","DM115155","http://redcats-usa-t.neolane.net/res/img/61F0B4BE7071CE9679F0836D2FB17B2B.jpg","http://www.onestopplus.com/Plus-Size-Holidays-Your-Way.aspx?DeptId=28090","Holidays-Your-Way"
"src","OSPG_OS","DM115155","http://redcats-usa-t.neolane.net/res/img/DF5282A7687D1C3E6834A06DB7B81477.jpg","http://www.onestopplus.com/Plus-Size-SWEATERS-LOOKBOOK.aspx?DeptId=28311","SWEATERS-LOOKBOOK"
"src","OSPG_OS","DM115155","http://redcats-usa-t.neolane.net/res/img/4B4766462B50A0D378E20A78BF17CA71.jpg","http://www.onestopplus.com/Plus-Size-Get-the-Look.aspx?DeptId=28169","Get-the-Look"
"src","OSPG_OS","DM115158","http://redcats-usa-t.neolane.net/res/img/823163BB4DA5BC52D17F8D10E7FFB84E.jpg","http://www.onestopplus.com/Plus-Size-Clothing.aspx?DeptId=11542&promocoupon=FBPREZDAY","Clothing"
"src","OSPG_OS","DM115158","http://redcats-usa-t.neolane.net/res/img/653243C7C3FBBC5010A06E6BF6D3864B.jpg","http://www.onestopplus.com/Plus-Size-Dresses.aspx?DeptId=11583&promocoupon=FBPREZDAY","Dresses"
"src","OSPG_OS","DM115158","http://redcats-usa-t.neolane.net/res/img/505437854ECEA3F2719EC5C2DF2AAD18.jpg","http://www.onestopplus.com/Plus-Size-Shirts-and-Blouses.aspx?DeptId=11553&promocoupon=FBPREZDAY","Shirts-and-Blouses"
"src","OSPG_OS","DM115158","http://redcats-usa-t.neolane.net/res/img/96B1DB2466BC89D2629883DAB5E3887B.jpg","http://www.onestopplus.com/Plus-Size-Denim-Shop.aspx?DeptId=11558&promocoupon=FBPREZDAY","Denim-Shop"
"src","OSPG_OS","DM115158","http://redcats-usa-t.neolane.net/res/img/5E382746AE4783DF18999BC67B951A43.jpg","http://www.onestopplus.com/Plus-Size-Tunics.aspx?DeptId=15990&promocoupon=FBPREZDAY","Tunics"
"src","OSPG_OS","DM115158","http://redcats-usa-t.neolane.net/res/img/C04FCE3F5DED787D3FB0C12EF67740EE.jpg","http://www.onestopplus.com/Plus-Size-Swimwear.aspx?DeptId=20419&promocoupon=FBPREZDAY","Swimwear"
"src","OSPG_OS","DM115158","http://redcats-usa-t.neolane.net/res/img/592EF983669CDC561ABA44B2441E99E2.jpg","http://www.onestopplus.com/Plus-Size-Jackets-and-Blazers.aspx?DeptId=11582&promocoupon=FBPREZDAY","Jackets-and-Blazers"
"src","OSPG_OS","DM115158","http://redcats-usa-t.neolane.net/res/img/C152668E52E5AFFD9EAFBAB45F7EBCC1.jpg","http://www.onestopplus.com/Plus-Size-Shoes-and-Accessories.aspx?DeptId=11679&promocoupon=FBPREZDAY","Shoes-and-Accessories"
"src","OSPG_OS","DM115158","http://redcats-usa-t.neolane.net/res/img/7659456BAA9EDC3D1653F81159D01015.jpg","http://www.onestopplus.com/Plus-Size-Lingerie-and-Sleepwear.aspx?DeptId=11751&promocoupon=FBPREZDAY","Lingerie-and-Sleepwear"
"src","OSPG_OS","DM115158","http://redcats-usa-t.neolane.net/res/img/5FA693D9D920542D67E5F9BFED833882.jpg","http://www.onestopplus.com/Plus-Size-Tops-and-Tees.aspx?DeptId=11543&promocoupon=FBPREZDAY","Tops-and-Tees"
"src","OSPG_OS","DM115158","http://redcats-usa-t.neolane.net/res/img/3C93B8C26A7F92C12E515D7DB5F94842.jpg","http://www.onestopplus.com/Plus-Size-fashion-week-Trends.aspx?DeptId=28393&promocoupon=FBPREZDAY","fashion-week-Trends"
"src","OSPG_OS","DM115158","http://redcats-usa-t.neolane.net/res/img/61F0B4BE7071CE9679F0836D2FB17B2B.jpg","http://www.onestopplus.com/Plus-Size-Holidays-Your-Way.aspx?DeptId=28090","Holidays-Your-Way"
"src","OSPG_OS","DM115158","http://redcats-usa-t.neolane.net/res/img/DF5282A7687D1C3E6834A06DB7B81477.jpg","http://www.onestopplus.com/Plus-Size-SWEATERS-LOOKBOOK.aspx?DeptId=28311","SWEATERS-LOOKBOOK"
"src","OSPG_OS","DM115158","http://redcats-usa-t.neolane.net/res/img/4B4766462B50A0D378E20A78BF17CA71.jpg","http://www.onestopplus.com/Plus-Size-Get-the-Look.aspx?DeptId=28169","Get-the-Look"
"src","OSPG_OS","DM115179","http://redcats-usa-t.neolane.net/res/img/AD039D623704D52711017795F8AB85EF.jpg","http://www.onestopplus.com/Plus-Size-The-Valentines-Day-Shop.aspx?DeptId=28323&promocoupon=FBLOVE2","The-Valentines-Day-Shop"
"src","OSPG_OS","DM115179","http://redcats-usa-t.neolane.net/res/img/E22CBA0D2A6D6BED35062E828C848EE8.jpg","http://www.onestopplus.com/Plus-Size-Glamorise-Bra-BOGO.aspx?DeptId=28305&promocoupon=FBLOVE2","Glamorise-Bra-BOGO"
"src","OSPG_OS","DM115179","http://redcats-usa-t.neolane.net/res/img/61F0B4BE7071CE9679F0836D2FB17B2B.jpg","http://www.onestopplus.com/Plus-Size-Holidays-Your-Way.aspx?DeptId=28090","Holidays-Your-Way"
"src","OSPG_OS","DM115179","http://redcats-usa-t.neolane.net/res/img/DF5282A7687D1C3E6834A06DB7B81477.jpg","http://www.onestopplus.com/Plus-Size-SWEATERS-LOOKBOOK.aspx?DeptId=28311","SWEATERS-LOOKBOOK"
"src","OSPG_OS","DM115179","http://redcats-usa-t.neolane.net/res/img/4B4766462B50A0D378E20A78BF17CA71.jpg","http://www.onestopplus.com/Plus-Size-Get-the-Look.aspx?DeptId=28169","Get-the-Look"
"src","OSPG_OS","DM115180","http://redcats-usa-t.neolane.net/res/img/BE369EA991880C8AE3F699DC21825A7A.jpg","http://www.onestopplus.com/Plus-Size-The-Valentines-Day-Shop.aspx?DeptId=28323&promocoupon=FBLOVE1","The-Valentines-Day-Shop"
"src","OSPG_OS","DM115180","http://redcats-usa-t.neolane.net/res/img/E22CBA0D2A6D6BED35062E828C848EE8.jpg","http://www.onestopplus.com/Plus-Size-Glamorise-Bra-BOGO.aspx?DeptId=28305&promocoupon=FBLOVE1","Glamorise-Bra-BOGO"
"src","OSPG_OS","DM115180","http://redcats-usa-t.neolane.net/res/img/61F0B4BE7071CE9679F0836D2FB17B2B.jpg","http://www.onestopplus.com/Plus-Size-Holidays-Your-Way.aspx?DeptId=28090","Holidays-Your-Way"
"src","OSPG_OS","DM115180","http://redcats-usa-t.neolane.net/res/img/DF5282A7687D1C3E6834A06DB7B81477.jpg","http://www.onestopplus.com/Plus-Size-SWEATERS-LOOKBOOK.aspx?DeptId=28311","SWEATERS-LOOKBOOK"
"src","OSPG_OS","DM115180","http://redcats-usa-t.neolane.net/res/img/4B4766462B50A0D378E20A78BF17CA71.jpg","http://www.onestopplus.com/Plus-Size-Get-the-Look.aspx?DeptId=28169","Get-the-Look"
"src","OSPG_OS","DM115181","http://redcats-usa-t.neolane.net/res/img/AD039D623704D52711017795F8AB85EF.jpg","http://www.onestopplus.com/Plus-Size-The-Valentines-Day-Shop.aspx?DeptId=28323&promocoupon=FBLOVE2","The-Valentines-Day-Shop"
"src","OSPG_OS","DM115181","http://redcats-usa-t.neolane.net/res/img/E22CBA0D2A6D6BED35062E828C848EE8.jpg","http://www.onestopplus.com/Plus-Size-Glamorise-Bra-BOGO.aspx?DeptId=28305&promocoupon=FBLOVE2","Glamorise-Bra-BOGO"
"src","OSPG_OS","DM115181","http://redcats-usa-t.neolane.net/res/img/61F0B4BE7071CE9679F0836D2FB17B2B.jpg","http://www.onestopplus.com/Plus-Size-Holidays-Your-Way.aspx?DeptId=28090","Holidays-Your-Way"
"src","OSPG_OS","DM115181","http://redcats-usa-t.neolane.net/res/img/DF5282A7687D1C3E6834A06DB7B81477.jpg","http://www.onestopplus.com/Plus-Size-SWEATERS-LOOKBOOK.aspx?DeptId=28311","SWEATERS-LOOKBOOK"
"src","OSPG_OS","DM115181","http://redcats-usa-t.neolane.net/res/img/4B4766462B50A0D378E20A78BF17CA71.jpg","http://www.onestopplus.com/Plus-Size-Get-the-Look.aspx?DeptId=28169","Get-the-Look"
"src","OSPG_OS","DM115825","http://redcats-usa-t.neolane.net/res/img/10B74780354FA71C0FF176FD83C600A1.jpg","http://www.onestopplus.com/Plus-Size-Ulla-Popken.aspx?DeptId=21970","Ulla-Popken"
"src","OSPG_OS","DM115825","http://redcats-usa-t.neolane.net/res/img/3D31A2D57588F167DCE3660042716F2F.jpg","http://www.onestopplus.com/Plus-Size-Ellos.aspx?DeptId=19405","Ellos"
"src","OSPG_OS","DM115825","http://redcats-usa-t.neolane.net/res/img/5577A92E8F843E29A5307022E982A40D.jpg","http://www.onestopplus.com/Plus-Size-Dresses.aspx?DeptId=28243","Dresses"
"src","OSPG_OS","DM115825","http://redcats-usa-t.neolane.net/res/img/61F0B4BE7071CE9679F0836D2FB17B2B.jpg","http://www.onestopplus.com/Plus-Size-Holidays-Your-Way.aspx?DeptId=28090","Holidays-Your-Way"
"src","OSPG_OS","DM115825","http://redcats-usa-t.neolane.net/res/img/91C7586D757E54869647BD0FA35B8056.jpg","http://www.onestopplus.com/Plus-Size-Denim-favorites-lookbook.aspx?DeptId=28316","Denim-favorites-lookbook"
"src","OSPG_OS","DM115825","http://redcats-usa-t.neolane.net/res/img/4B4766462B50A0D378E20A78BF17CA71.jpg","http://www.onestopplus.com/Plus-Size-Get-the-Look.aspx?DeptId=28169","Get-the-Look"
"src","OSPG_OS","DM115828","http://redcats-usa-t.neolane.net/res/img/0332F40F0B032E69F64DCCAAE8011BD7.jpg","http://www.onestopplus.com/Plus-Size-the-bra-bogo-event.aspx?DeptId=28317&promocoupon=FBBRASFEB","the-bra-bogo-event"
"src","OSPG_OS","DM115828","http://redcats-usa-t.neolane.net/res/img/5156218678AF0940577F8BE39392BB58.jpg","http://www.onestopplus.com/Plus-Size-the-bra-bogo-event.aspx?DeptId=28317&promocoupon=FBBRASFEB","the-bra-bogo-event"
"src","OSPG_OS","DM115828","http://redcats-usa-t.neolane.net/res/img/61F0B4BE7071CE9679F0836D2FB17B2B.jpg","http://www.onestopplus.com/Plus-Size-Holidays-Your-Way.aspx?DeptId=28090","Holidays-Your-Way"
"src","OSPG_OS","DM115828","http://redcats-usa-t.neolane.net/res/img/91C7586D757E54869647BD0FA35B8056.jpg","http://www.onestopplus.com/Plus-Size-Denim-favorites-lookbook.aspx?DeptId=28316","Denim-favorites-lookbook"
"src","OSPG_OS","DM115828","http://redcats-usa-t.neolane.net/res/img/4B4766462B50A0D378E20A78BF17CA71.jpg","http://www.onestopplus.com/Plus-Size-Get-the-Look.aspx?DeptId=28169","Get-the-Look"
"src","OSPG_OS","DM115894","http://redcats-usa-t.neolane.net/res/img/0332F40F0B032E69F64DCCAAE8011BD7.jpg","http://www.onestopplus.com/Plus-Size-the-bra-bogo-event.aspx?DeptId=28317&promocoupon=FBBRASFEB","the-bra-bogo-event"
"src","OSPG_OS","DM115894","http://redcats-usa-t.neolane.net/res/img/5156218678AF0940577F8BE39392BB58.jpg","http://www.onestopplus.com/Plus-Size-the-bra-bogo-event.aspx?DeptId=28317&promocoupon=FBBRASFEB","the-bra-bogo-event"
"src","OSPG_OS","DM115894","http://redcats-usa-t.neolane.net/res/img/61F0B4BE7071CE9679F0836D2FB17B2B.jpg","http://www.onestopplus.com/Plus-Size-Holidays-Your-Way.aspx?DeptId=28090","Holidays-Your-Way"
"src","OSPG_OS","DM115894","http://redcats-usa-t.neolane.net/res/img/91C7586D757E54869647BD0FA35B8056.jpg","http://www.onestopplus.com/Plus-Size-Denim-favorites-lookbook.aspx?DeptId=28316","Denim-favorites-lookbook"
"src","OSPG_OS","DM115894","http://redcats-usa-t.neolane.net/res/img/4B4766462B50A0D378E20A78BF17CA71.jpg","http://www.onestopplus.com/Plus-Size-Get-the-Look.aspx?DeptId=28169","Get-the-Look"
"src","OSPG_OS","DM115895","http://redcats-usa-t.neolane.net/res/img/10B74780354FA71C0FF176FD83C600A1.jpg","http://www.onestopplus.com/Plus-Size-Ulla-Popken.aspx?DeptId=21970","Ulla-Popken"
"src","OSPG_OS","DM115895","http://redcats-usa-t.neolane.net/res/img/3D31A2D57588F167DCE3660042716F2F.jpg","http://www.onestopplus.com/Plus-Size-Ellos.aspx?DeptId=19405","Ellos"
"src","OSPG_OS","DM115895","http://redcats-usa-t.neolane.net/res/img/5577A92E8F843E29A5307022E982A40D.jpg","http://www.onestopplus.com/Plus-Size-Dresses.aspx?DeptId=28243","Dresses"
"src","OSPG_OS","DM115895","http://redcats-usa-t.neolane.net/res/img/61F0B4BE7071CE9679F0836D2FB17B2B.jpg","http://www.onestopplus.com/Plus-Size-Holidays-Your-Way.aspx?DeptId=28090","Holidays-Your-Way"
"src","OSPG_OS","DM115895","http://redcats-usa-t.neolane.net/res/img/91C7586D757E54869647BD0FA35B8056.jpg","http://www.onestopplus.com/Plus-Size-Denim-favorites-lookbook.aspx?DeptId=28316","Denim-favorites-lookbook"
"src","OSPG_OS","DM115895","http://redcats-usa-t.neolane.net/res/img/4B4766462B50A0D378E20A78BF17CA71.jpg","http://www.onestopplus.com/Plus-Size-Get-the-Look.aspx?DeptId=28169","Get-the-Look"
"src","OSPG_OS","DM115897","http://redcats-usa-t.neolane.net/res/img/61F0B4BE7071CE9679F0836D2FB17B2B.jpg","http://www.onestopplus.com/Plus-Size-Holidays-Your-Way.aspx?DeptId=28090","Holidays-Your-Way"
"src","OSPG_OS","DM115897","http://redcats-usa-t.neolane.net/res/img/A6DE7D7EDC623DE324C077740B109DB3.jpg","http://www.onestopplus.com/Plus-Size-Denim-favorites-lookbook.aspx?DeptId=28316","Denim-favorites-lookbook"
"src","OSPG_OS","DM115897","http://redcats-usa-t.neolane.net/res/img/29A240CE906B73F36D1B2385FAE0CC91.jpg","http://www.onestopplus.com/Plus-Size-Get-the-Look.aspx?DeptId=28169","Get-the-Look"
"src","OSPG_OS","DM115900","http://redcats-usa-t.neolane.net/res/img/61F0B4BE7071CE9679F0836D2FB17B2B.jpg","http://www.onestopplus.com/Plus-Size-Holidays-Your-Way.aspx?DeptId=28090","Holidays-Your-Way"
"src","OSPG_OS","DM115900","http://redcats-usa-t.neolane.net/res/img/A6DE7D7EDC623DE324C077740B109DB3.jpg","http://www.onestopplus.com/Plus-Size-Denim-favorites-lookbook.aspx?DeptId=28316","Denim-favorites-lookbook"
"src","OSPG_OS","DM115900","http://redcats-usa-t.neolane.net/res/img/29A240CE906B73F36D1B2385FAE0CC91.jpg","http://www.onestopplus.com/Plus-Size-Get-the-Look.aspx?DeptId=28169","Get-the-Look"
"src","OSPG_OS","DM115982","http://redcats-usa-t.neolane.net/res/img/E98AD7CCBECD8E04FC609B02AB5E0591.jpg","http://www.onestopplus.com/Plus-Size-Shop-the-Spring-Catalog.aspx?DeptId=28437&promocoupon=FBSUNSHINE","Shop-the-Spring-Catalog"
"src","OSPG_OS","DM115982","http://redcats-usa-t.neolane.net/res/img/61F0B4BE7071CE9679F0836D2FB17B2B.jpg","http://www.onestopplus.com/Plus-Size-Holidays-Your-Way.aspx?DeptId=28090","Holidays-Your-Way"
"src","OSPG_OS","DM115982","http://redcats-usa-t.neolane.net/res/img/8922F48C2B740A9F8BD0929BD843C781.jpg","http://www.onestopplus.com/Plus-Size-Denim-favorites-lookbook.aspx?DeptId=28316","Denim-favorites-lookbook"
"src","OSPG_OS","DM115982","http://redcats-usa-t.neolane.net/res/img/29A240CE906B73F36D1B2385FAE0CC91.jpg","http://www.onestopplus.com/Plus-Size-Get-the-Look.aspx?DeptId=28169","Get-the-Look"
"src","OSPG_OS","DM115983","http://redcats-usa-t.neolane.net/res/img/D570DB3342085B8DFE9FD3D6BB1868B0.jpg","http://www.onestopplus.com/Plus-Size-the-bra-bogo-event.aspx?DeptId=28317&promocoupon=FBSUNSHINE2","the-bra-bogo-event"
"src","OSPG_OS","DM115983","http://redcats-usa-t.neolane.net/res/img/61F0B4BE7071CE9679F0836D2FB17B2B.jpg","http://www.onestopplus.com/Plus-Size-Holidays-Your-Way.aspx?DeptId=28090","Holidays-Your-Way"
"src","OSPG_OS","DM115983","http://redcats-usa-t.neolane.net/res/img/8922F48C2B740A9F8BD0929BD843C781.jpg","http://www.onestopplus.com/Plus-Size-Denim-favorites-lookbook.aspx?DeptId=28316","Denim-favorites-lookbook"
"src","OSPG_OS","DM115983","http://redcats-usa-t.neolane.net/res/img/29A240CE906B73F36D1B2385FAE0CC91.jpg","http://www.onestopplus.com/Plus-Size-Get-the-Look.aspx?DeptId=28169","Get-the-Look"
"src","OSPG_OS","DM115984","http://redcats-usa-t.neolane.net/res/img/752EC652C88E827D61C90ACA9D2243A0.jpg","http://www.onestopplus.com/Plus-Size-Coats-and-Jackets.aspx?DeptId=22690&promocoupon=FBSUNSHINE2","Coats-and-Jackets"
"src","OSPG_OS","DM115984","http://redcats-usa-t.neolane.net/res/img/34D79ED7488C4306F6A7AE3B8A396B06.jpg","http://www.onestopplus.com/Plus-Size-Leather-and-Suede.aspx?DeptId=11578&promocoupon=FBSUNSHINE2","Leather-and-Suede"
"src","OSPG_OS","DM115984","http://redcats-usa-t.neolane.net/res/img/A5031FD4A0ECAF0E8FAEFCE32ACEDEC6.jpg","http://www.onestopplus.com/Plus-Size-Jackets-and-Blazers.aspx?DeptId=11582&promocoupon=FBSUNSHINE2","Jackets-and-Blazers"
"src","OSPG_OS","DM115984","http://redcats-usa-t.neolane.net/res/img/094421512A46B431CAF99D32A40BA904.jpg","http://www.onestopplus.com/Plus-Size-Rainwear.aspx?DeptId=11581&promocoupon=FBSUNSHINE2","Rainwear"
"src","OSPG_OS","DM115984","http://redcats-usa-t.neolane.net/res/img/DFD735C04CE632BF0F7680530BF372BB.jpg","http://www.onestopplus.com/Plus-Size-Trench-Coats.aspx?DeptId=19599&promocoupon=FBSUNSHINE2","Trench-Coats"
"src","OSPG_OS","DM115984","http://redcats-usa-t.neolane.net/res/img/ABD93780E5C4BCA1AED498B4322A8601.jpg","http://www.onestopplus.com/Plus-Size-Denim-favorites-lookbook.aspx?DeptId=28316&promocoupon=FBSUNSHINE2","Denim-favorites-lookbook"
"src","OSPG_OS","DM115984","http://redcats-usa-t.neolane.net/res/img/A83A49378C8AAA59B2E23DDB2A136FC6.jpg","http://www.onestopplus.com/Plus-Size-Dresses.aspx?DeptId=28252&promocoupon=FBSUNSHINE2","Dresses"
"src","OSPG_OS","DM115984","http://redcats-usa-t.neolane.net/res/img/61F0B4BE7071CE9679F0836D2FB17B2B.jpg","http://www.onestopplus.com/Plus-Size-Holidays-Your-Way.aspx?DeptId=28090","Holidays-Your-Way"
"src","OSPG_OS","DM115984","http://redcats-usa-t.neolane.net/res/img/8922F48C2B740A9F8BD0929BD843C781.jpg","http://www.onestopplus.com/Plus-Size-Denim-favorites-lookbook.aspx?DeptId=28316","Denim-favorites-lookbook"
"src","OSPG_OS","DM115984","http://redcats-usa-t.neolane.net/res/img/29A240CE906B73F36D1B2385FAE0CC91.jpg","http://www.onestopplus.com/Plus-Size-Get-the-Look.aspx?DeptId=28169","Get-the-Look"
"src","OSPG_OS","DM115985","http://redcats-usa-t.neolane.net/res/img/72E7B7AF2F77CD1FED907B90C55EB9E8.jpg","http://www.onestopplus.com/Plus-Size-Private-Sale.aspx?DeptId=28465&promocoupon=KS22744","Private-Sale"
"src","OSPG_OS","DM115985","http://redcats-usa-t.neolane.net/res/img/61F0B4BE7071CE9679F0836D2FB17B2B.jpg","http://www.onestopplus.com/Plus-Size-Holidays-Your-Way.aspx?DeptId=28090","Holidays-Your-Way"
"src","OSPG_OS","DM115985","http://redcats-usa-t.neolane.net/res/img/8922F48C2B740A9F8BD0929BD843C781.jpg","http://www.onestopplus.com/Plus-Size-Denim-favorites-lookbook.aspx?DeptId=28316","Denim-favorites-lookbook"
"src","OSPG_OS","DM115985","http://redcats-usa-t.neolane.net/res/img/29A240CE906B73F36D1B2385FAE0CC91.jpg","http://www.onestopplus.com/Plus-Size-Get-the-Look.aspx?DeptId=28169","Get-the-Look"
"src","OSPG_OS","DM115986","http://redcats-usa-t.neolane.net/res/img/4970279C04156D9F034EFDED95723D5E.jpg","http://www.onestopplus.com/Plus-Size-Biggest-Winter-Sale.aspx?DeptId=28414","Biggest-Winter-Sale"
"src","OSPG_OS","DM115986","http://redcats-usa-t.neolane.net/res/img/5AAC9B143B2720F0B3254CC185C21268.jpg","http://www.onestopplus.com/Plus-Size-Woman-Within-Denim-BOGO.aspx?DeptId=28202","Woman-Within-Denim-BOGO"
"src","OSPG_OS","DM115986","http://redcats-usa-t.neolane.net/res/img/0492C001F485466B52C1FDC0B49348A0.jpg","http://www.onestopplus.com/Plus-Size-Bra-BOGO.aspx?DeptId=28317","Bra-BOGO"
"src","OSPG_OS","DM115986","http://redcats-usa-t.neolane.net/res/img/61F0B4BE7071CE9679F0836D2FB17B2B.jpg","http://www.onestopplus.com/Plus-Size-Holidays-Your-Way.aspx?DeptId=28090","Holidays-Your-Way"
"src","OSPG_OS","DM115986","http://redcats-usa-t.neolane.net/res/img/A6DE7D7EDC623DE324C077740B109DB3.jpg","http://www.onestopplus.com/Plus-Size-Denim-favorites-lookbook.aspx?DeptId=28316","Denim-favorites-lookbook"
"src","OSPG_OS","DM115986","http://redcats-usa-t.neolane.net/res/img/29A240CE906B73F36D1B2385FAE0CC91.jpg","http://www.onestopplus.com/Plus-Size-Get-the-Look.aspx?DeptId=28169","Get-the-Look"
"src","OSPG_OS","DM115987","http://redcats-usa-t.neolane.net/res/img/54FCC89105AEB65E2384B62BD7B5F5FB.jpg","http://www.onestopplus.com/Plus-Size-Sweaters.aspx?DeptId=11548&promocoupon=FBCOLOR","Sweaters"
"src","OSPG_OS","DM115987","http://redcats-usa-t.neolane.net/res/img/F95D903F5CB4A5BFF48133E6EAE1A82E.jpg","http://www.onestopplus.com/Plus-Size-Pullovers.aspx?DeptId=11549&promocoupon=FBCOLOR","Pullovers"
"src","OSPG_OS","DM115987","http://redcats-usa-t.neolane.net/res/img/9CC3B7DDE97905C4085BE6BF0A8CE5EB.jpg","http://www.onestopplus.com/Plus-Size-Sweater-Coats-and-Capes.aspx?DeptId=16181&promocoupon=FBCOLOR","Sweater-Coats-and-Capes"
"src","OSPG_OS","DM115987","http://redcats-usa-t.neolane.net/res/img/E80831A2884DACD6717DC4448BBE54B9.jpg","http://www.onestopplus.com/Plus-Size-Cardigans.aspx?DeptId=11550&promocoupon=FBCOLOR","Cardigans"
"src","OSPG_OS","DM115987","http://redcats-usa-t.neolane.net/res/img/617726609C116EB4399C408B7C8ADCF5.jpg","http://www.onestopplus.com/Plus-Size-roamans-tee-shirt-sale.aspx?DeptId=28319&promocoupon=FBCOLOR","roamans-tee-shirt-sale"
"src","OSPG_OS","DM115987","http://redcats-usa-t.neolane.net/res/img/0510512F89333428FF2751B50980B045.jpg","http://www.onestopplus.com/Plus-Size-Woman-Within-Denim-BOGO.aspx?DeptId=28202&promocoupon=FBCOLOR","Woman-Within-Denim-BOGO"
"src","OSPG_OS","DM115987","http://redcats-usa-t.neolane.net/res/img/61F0B4BE7071CE9679F0836D2FB17B2B.jpg","http://www.onestopplus.com/Plus-Size-Holidays-Your-Way.aspx?DeptId=28090","Holidays-Your-Way"
"src","OSPG_OS","DM115987","http://redcats-usa-t.neolane.net/res/img/8922F48C2B740A9F8BD0929BD843C781.jpg","http://www.onestopplus.com/Plus-Size-Denim-favorites-lookbook.aspx?DeptId=28316","Denim-favorites-lookbook"
"src","OSPG_OS","DM115987","http://redcats-usa-t.neolane.net/res/img/29A240CE906B73F36D1B2385FAE0CC91.jpg","http://www.onestopplus.com/Plus-Size-Get-the-Look.aspx?DeptId=28169","Get-the-Look"
"src","OSPG_OS","DM115988","http://redcats-usa-t.neolane.net/res/img/68546CCB9CB5B60A46AA8F247662CDCF.jpg","http://www.onestopplus.com/Plus-Size-Maxi-Dresses.aspx?DeptId=19600&promocoupon=FBSUNSHINE","Maxi-Dresses"
"src","OSPG_OS","DM115988","http://redcats-usa-t.neolane.net/res/img/A7347592B8EBC2BBC5C29DB05DA3F37E.jpg","http://www.onestopplus.com/Plus-Size-Espadrilles-and-Gladiators.aspx?DeptId=28388&promocoupon=FBSUNSHINE","Espadrilles-and-Gladiators"
"src","OSPG_OS","DM115988","http://redcats-usa-t.neolane.net/res/img/CFF13F3BA3E260CA2D28679CED2AA4C3.jpg","http://www.onestopplus.com/Plus-Size-Dresses.aspx?DeptId=28252&promocoupon=FBSUNSHINE","Dresses"
"src","OSPG_OS","DM115988","http://redcats-usa-t.neolane.net/res/img/2B4AB82485C01E042B2250EA691269A7.jpg","http://www.onestopplus.com/Plus-Size-Bra-BOGO.aspx?DeptId=28317&promocoupon=FBSUNSHINE","Bra-BOGO"
"src","OSPG_OS","DM115988","http://redcats-usa-t.neolane.net/res/img/61F0B4BE7071CE9679F0836D2FB17B2B.jpg","http://www.onestopplus.com/Plus-Size-Holidays-Your-Way.aspx?DeptId=28090","Holidays-Your-Way"
"src","OSPG_OS","DM115988","http://redcats-usa-t.neolane.net/res/img/8922F48C2B740A9F8BD0929BD843C781.jpg","http://www.onestopplus.com/Plus-Size-Denim-favorites-lookbook.aspx?DeptId=28316","Denim-favorites-lookbook"
"src","OSPG_OS","DM115988","http://redcats-usa-t.neolane.net/res/img/29A240CE906B73F36D1B2385FAE0CC91.jpg","http://www.onestopplus.com/Plus-Size-Get-the-Look.aspx?DeptId=28169","Get-the-Look"
"src","OSPG_OS","DM116000","http://redcats-usa-t.neolane.net/res/img/4346A25131E88668D56F8CF885ED4F6E.jpg","http://www.onestopplus.com/Plus-Size-Biggest-Winter-Sale.aspx?DeptId=28414","Biggest-Winter-Sale"
"src","OSPG_OS","DM116000","http://redcats-usa-t.neolane.net/res/img/5AAC9B143B2720F0B3254CC185C21268.jpg","http://www.onestopplus.com/Plus-Size-Woman-Within-Denim-BOGO.aspx?DeptId=28202","Woman-Within-Denim-BOGO"
"src","OSPG_OS","DM116000","http://redcats-usa-t.neolane.net/res/img/7059AEC045AB914A560B10689CAB25E1.jpg","http://www.onestopplus.com/Plus-Size-Curves-in-Bikini.aspx?DeptId=28309","Curves-in-Bikini"
"src","OSPG_OS","DM116000","http://redcats-usa-t.neolane.net/res/img/61F0B4BE7071CE9679F0836D2FB17B2B.jpg","http://www.onestopplus.com/Plus-Size-Holidays-Your-Way.aspx?DeptId=28090","Holidays-Your-Way"
"src","OSPG_OS","DM116000","http://redcats-usa-t.neolane.net/res/img/A6DE7D7EDC623DE324C077740B109DB3.jpg","http://www.onestopplus.com/Plus-Size-Denim-favorites-lookbook.aspx?DeptId=28316","Denim-favorites-lookbook"
"src","OSPG_OS","DM116000","http://redcats-usa-t.neolane.net/res/img/29A240CE906B73F36D1B2385FAE0CC91.jpg","http://www.onestopplus.com/Plus-Size-Get-the-Look.aspx?DeptId=28169","Get-the-Look"
"src","OSPG_OS","DM116456","http://redcats-usa-t.neolane.net/res/img/61F0B4BE7071CE9679F0836D2FB17B2B.jpg","http://www.onestopplus.com/Plus-Size-Holidays-Your-Way.aspx?DeptId=28090","Holidays-Your-Way"
"src","OSPG_OS","DM116456","http://redcats-usa-t.neolane.net/res/img/8922F48C2B740A9F8BD0929BD843C781.jpg","http://www.onestopplus.com/Plus-Size-Denim-favorites-lookbook.aspx?DeptId=28316","Denim-favorites-lookbook"
"src","OSPG_OS","DM116456","http://redcats-usa-t.neolane.net/res/img/29A240CE906B73F36D1B2385FAE0CC91.jpg","http://www.onestopplus.com/Plus-Size-Get-the-Look.aspx?DeptId=28169","Get-the-Look"
"src","OSPG_OS","DM116667","http://redcats-usa-t.neolane.net/res/img/09A23F449E36B4CA032DC3CF96276362.jpg","http://www.onestopplus.com/Plus-Size-Clearance.aspx?DeptId=12579&","Clearance"
"src","OSPG_OS","DM116667","http://redcats-usa-t.neolane.net/res/img/D570DB3342085B8DFE9FD3D6BB1868B0.jpg","http://www.onestopplus.com/Plus-Size-the-bra-bogo-event.aspx?DeptId=28317&","the-bra-bogo-event"
"src","OSPG_OS","DM116667","http://redcats-usa-t.neolane.net/res/img/61F0B4BE7071CE9679F0836D2FB17B2B.jpg","http://www.onestopplus.com/Plus-Size-Holidays-Your-Way.aspx?DeptId=28090","Holidays-Your-Way"
"src","OSPG_OS","DM116667","http://redcats-usa-t.neolane.net/res/img/8922F48C2B740A9F8BD0929BD843C781.jpg","http://www.onestopplus.com/Plus-Size-Denim-favorites-lookbook.aspx?DeptId=28316","Denim-favorites-lookbook"
"src","OSPG_OS","DM116667","http://redcats-usa-t.neolane.net/res/img/29A240CE906B73F36D1B2385FAE0CC91.jpg","http://www.onestopplus.com/Plus-Size-Get-the-Look.aspx?DeptId=28169","Get-the-Look"
"src","OSPG_OS","DM116671","http://redcats-usa-t.neolane.net/res/img/61F0B4BE7071CE9679F0836D2FB17B2B.jpg","http://www.onestopplus.com/Plus-Size-Holidays-Your-Way.aspx?DeptId=28090","Holidays-Your-Way"
"src","OSPG_OS","DM116671","http://redcats-usa-t.neolane.net/res/img/8922F48C2B740A9F8BD0929BD843C781.jpg","http://www.onestopplus.com/Plus-Size-Denim-favorites-lookbook.aspx?DeptId=28316","Denim-favorites-lookbook"
"src","OSPG_OS","DM116671","http://redcats-usa-t.neolane.net/res/img/29A240CE906B73F36D1B2385FAE0CC91.jpg","http://www.onestopplus.com/Plus-Size-Get-the-Look.aspx?DeptId=28169","Get-the-Look"
"src","OSPG_OS","DM116837","http://redcats-usa-t.neolane.net/res/img/C33FFAAC6DD685C6C65D54EECB2FB58F.jpg","http://www.onestopplus.com/Plus-Size-Tops-and-Tees.aspx?DeptId=11543&promocoupon=FBSUNSHINE2","Tops-and-Tees"
"src","OSPG_OS","DM116837","http://redcats-usa-t.neolane.net/res/img/886FBF5D14BAE720D0F14FF2AE698BF8.jpg","http://www.onestopplus.com/Plus-Size-Tops-and-Tees.aspx?DeptId=11543&promocoupon=FBSUNSHINE2","Tops-and-Tees"
"src","OSPG_OS","DM116837","http://redcats-usa-t.neolane.net/res/img/E419BF7DF70E743FAA0136E7B83F5353.jpg","http://www.onestopplus.com/Plus-Size-Denim-Shop.aspx?DeptId=11558&promocoupon=FBSUNSHINE2","Denim-Shop"
"src","OSPG_OS","DM116837","http://redcats-usa-t.neolane.net/res/img/6180274972006552DDE1AEB52306D056.jpg","http://www.onestopplus.com/Plus-Size-Dresses.aspx?DeptId=11583&promocoupon=FBSUNSHINE2","Dresses"
"src","OSPG_OS","DM116837","http://redcats-usa-t.neolane.net/res/img/BC7E6BBD1D398352CD2012F8EF038FEE.jpg","http://www.onestopplus.com/Plus-Size-Sweaters.aspx?DeptId=11548&promocoupon=FBSUNSHINE2","Sweaters"
"src","OSPG_OS","DM116837","http://redcats-usa-t.neolane.net/res/img/9DC90631BCE98C7EE17BAF7605B0623E.jpg","http://www.onestopplus.com/Plus-Size-Coats-and-Jackets.aspx?DeptId=22690&promocoupon=FBSUNSHINE2","Coats-and-Jackets"
"src","OSPG_OS","DM116837","http://redcats-usa-t.neolane.net/res/img/6A0736B06E2991C78FFFE8F01AE46A44.jpg","http://www.onestopplus.com/Plus-Size-SHOPBR-New-Arrivals.aspx?DeptId=27141&promocoupon=FBSUNSHINE2","SHOPBR-New-Arrivals"
"src","OSPG_OS","DM116837","http://redcats-usa-t.neolane.net/res/img/AE867EEC9B6D3EC0057CEF7CD993B5C5.jpg","http://www.onestopplus.com/Plus-Size-the-bra-bogo-event.aspx?DeptId=28317&promocoupon=FBSUNSHINE2","the-bra-bogo-event"
"src","OSPG_OS","DM116837","http://redcats-usa-t.neolane.net/res/img/9058ABEEE96FDE52DB508C5F26E08A84.jpg","http://www.onestopplus.com/Plus-Size-Ulla-Popken.aspx?DeptId=21970&promocoupon=FBSUNSHINE2","Ulla-Popken"
"src","OSPG_OS","DM116837","http://redcats-usa-t.neolane.net/res/img/61F0B4BE7071CE9679F0836D2FB17B2B.jpg","http://www.onestopplus.com/Plus-Size-Holidays-Your-Way.aspx?DeptId=28090","Holidays-Your-Way"
"src","OSPG_OS","DM116837","http://redcats-usa-t.neolane.net/res/img/8922F48C2B740A9F8BD0929BD843C781.jpg","http://www.onestopplus.com/Plus-Size-Denim-favorites-lookbook.aspx?DeptId=28316","Denim-favorites-lookbook"
"src","OSPG_OS","DM116837","http://redcats-usa-t.neolane.net/res/img/29A240CE906B73F36D1B2385FAE0CC91.jpg","http://www.onestopplus.com/Plus-Size-Get-the-Look.aspx?DeptId=28169","Get-the-Look"
"src","OSPG_OS","DM116838","http://redcats-usa-t.neolane.net/res/img/C33FFAAC6DD685C6C65D54EECB2FB58F.jpg","http://www.onestopplus.com/Plus-Size-Tops-and-Tees.aspx?DeptId=11543&promocoupon=FBSUNSHINE2","Tops-and-Tees"
"src","OSPG_OS","DM116838","http://redcats-usa-t.neolane.net/res/img/886FBF5D14BAE720D0F14FF2AE698BF8.jpg","http://www.onestopplus.com/Plus-Size-Tops-and-Tees.aspx?DeptId=11543&promocoupon=FBSUNSHINE2","Tops-and-Tees"
"src","OSPG_OS","DM116838","http://redcats-usa-t.neolane.net/res/img/E419BF7DF70E743FAA0136E7B83F5353.jpg","http://www.onestopplus.com/Plus-Size-Denim-Shop.aspx?DeptId=11558&promocoupon=FBSUNSHINE2","Denim-Shop"
"src","OSPG_OS","DM116838","http://redcats-usa-t.neolane.net/res/img/6180274972006552DDE1AEB52306D056.jpg","http://www.onestopplus.com/Plus-Size-Dresses.aspx?DeptId=11583&promocoupon=FBSUNSHINE2","Dresses"
"src","OSPG_OS","DM116838","http://redcats-usa-t.neolane.net/res/img/BC7E6BBD1D398352CD2012F8EF038FEE.jpg","http://www.onestopplus.com/Plus-Size-Sweaters.aspx?DeptId=11548&promocoupon=FBSUNSHINE2","Sweaters"
"src","OSPG_OS","DM116838","http://redcats-usa-t.neolane.net/res/img/9DC90631BCE98C7EE17BAF7605B0623E.jpg","http://www.onestopplus.com/Plus-Size-Coats-and-Jackets.aspx?DeptId=22690&promocoupon=FBSUNSHINE2","Coats-and-Jackets"
"src","OSPG_OS","DM116838","http://redcats-usa-t.neolane.net/res/img/6A0736B06E2991C78FFFE8F01AE46A44.jpg","http://www.onestopplus.com/Plus-Size-SHOPBR-New-Arrivals.aspx?DeptId=27141&promocoupon=FBSUNSHINE2","SHOPBR-New-Arrivals"
"src","OSPG_OS","DM116838","http://redcats-usa-t.neolane.net/res/img/AE867EEC9B6D3EC0057CEF7CD993B5C5.jpg","http://www.onestopplus.com/Plus-Size-the-bra-bogo-event.aspx?DeptId=28317&promocoupon=FBSUNSHINE2","the-bra-bogo-event"
"src","OSPG_OS","DM116838","http://redcats-usa-t.neolane.net/res/img/9058ABEEE96FDE52DB508C5F26E08A84.jpg","http://www.onestopplus.com/Plus-Size-Ulla-Popken.aspx?DeptId=21970&promocoupon=FBSUNSHINE2","Ulla-Popken"
"src","OSPG_OS","DM116838","http://redcats-usa-t.neolane.net/res/img/61F0B4BE7071CE9679F0836D2FB17B2B.jpg","http://www.onestopplus.com/Plus-Size-Holidays-Your-Way.aspx?DeptId=28090","Holidays-Your-Way"
"src","OSPG_OS","DM116838","http://redcats-usa-t.neolane.net/res/img/8922F48C2B740A9F8BD0929BD843C781.jpg","http://www.onestopplus.com/Plus-Size-Denim-favorites-lookbook.aspx?DeptId=28316","Denim-favorites-lookbook"
"src","OSPG_OS","DM116838","http://redcats-usa-t.neolane.net/res/img/29A240CE906B73F36D1B2385FAE0CC91.jpg","http://www.onestopplus.com/Plus-Size-Get-the-Look.aspx?DeptId=28169","Get-the-Look"
