"src","OSPG_BH","DM114694","http://redcats-usa-t.neolane.net/res/img/58D19DA0C4EC0977823F13A8CC6CF200.jpg","http://www.brylanehome.com/Home-Bedspreads.aspx?DeptId=15167","Bedspreads"
"src","OSPG_BH","DM114694","http://redcats-usa-t.neolane.net/res/img/47861B72F6CB00CADCD0492FD5FDC62D.jpg","http://www.brylanehome.com/Home-Sale.aspx?DeptId=24297","Sale"
"src","OSPG_BH","DM115377","http://redcats-usa-t.neolane.net/res/img/1337E08C75C0CFD8A16AB673A595D98C.jpg","http://www.brylanehome.com/Home-Curtains-and-Drapes.aspx?DeptId=15286","Curtains-and-Drapes"
"src","OSPG_BH","DM115377","http://redcats-usa-t.neolane.net/res/img/B2C6DE3F169FA577CD83DCFD27A3F76C.jpg","http://www.brylanehome.com/Home-Sheer-Curtains.aspx?DeptId=25389","Sheer-Curtains"
"src","OSPG_BH","DM115377","http://redcats-usa-t.neolane.net/res/img/C1D751EF44E57690ADF91144D90F67FC.jpg","http://www.brylanehome.com/Home-Energy-Savers.aspx?DeptId=15296","Energy-Savers"
"src","OSPG_BH","DM115377","http://redcats-usa-t.neolane.net/res/img/0F6CFD95729A38D622963D3D8CDA9D60.jpg","http://www.brylanehome.com/Home-Blinds-and-Shades.aspx?DeptId=15287","Blinds-and-Shades"
"src","OSPG_BH","DM115377","http://redcats-usa-t.neolane.net/res/img/6231DA1DE1C112C0BBF36B7B54C0D46B.jpg","http://www.brylanehome.com/Home-All-In-One-Window.aspx?DeptId=15289","All-In-One-Window"
"src","OSPG_BH","DM115377","http://redcats-usa-t.neolane.net/res/img/91061C96BEECB0C77BD4808FAE7D38FA.jpg","http://www.brylanehome.com/Home-Curtain-Rods.aspx?DeptId=15291","Curtain-Rods"
"src","OSPG_BH","DM115377","http://redcats-usa-t.neolane.net/res/img/F2FF717CCDC43789B56102B8BDE5D54F.jpg","http://www.brylanehome.com/Home-Kitchen-Curtains.aspx?DeptId=25388","Kitchen-Curtains"
"src","OSPG_BH","DM115378","http://redcats-usa-t.neolane.net/res/img/A947BC6CB97EECED4676C7C831DD4D2C.jpg","http://www.brylanehome.com/Home-New-Markdowns.aspx?DeptId=15323","New-Markdowns"
"src","OSPG_BH","DM115378","http://redcats-usa-t.neolane.net/res/img/64633290DC972D2C7731388430001FF7.jpg","http://www.brylanehome.com/Home-Comforters.aspx?DeptId=15328","Comforters"
"src","OSPG_BH","DM115378","http://redcats-usa-t.neolane.net/res/img/1DE92A319D19827A5BBBE19AA56F369D.jpg","http://www.brylanehome.com/Home-Kitchen.aspx?DeptId=15330","Kitchen"
"src","OSPG_BH","DM115378","http://redcats-usa-t.neolane.net/res/img/D8DCD2913F8BCDBCBD68342CE15CBE68.jpg","http://www.brylanehome.com/Home-Window.aspx?DeptId=15335","Window"
"src","OSPG_BH","DM115378","http://redcats-usa-t.neolane.net/res/img/A1156A5C34D8F4EA47116B6F916E9243.jpg","http://www.brylanehome.com/Home-Bath.aspx?DeptId=15327","Bath"
"src","OSPG_BH","DM115378","http://redcats-usa-t.neolane.net/res/img/07ABBD96E9813A17407A598C27018E55.jpg","http://www.brylanehome.com/Home-Storage-and-Organization.aspx?DeptId=15334","Storage-and-Organization"
"src","OSPG_BH","DM115378","http://redcats-usa-t.neolane.net/res/img/9B47A57497B3C85F0DD412C849037C6D.jpg","http://www.brylanehome.com/Home-Bedspreads.aspx?DeptId=19270","Bedspreads"
"src","OSPG_BH","DM115378","http://redcats-usa-t.neolane.net/res/img/2DD210091740163F7F107CF7CC4EFEAE.jpg","http://www.brylanehome.com/Home-New-Markdowns.aspx?DeptId=15323","New-Markdowns"
"src","OSPG_BH","DM115379","http://redcats-usa-t.neolane.net/res/img/BD10FBA4832B1AC85F4058EE400BDCC0.jpg","http://www.brylanehome.com/Home-Bedspreads.aspx?DeptId=15167","Bedspreads"
"src","OSPG_BH","DM115379","http://redcats-usa-t.neolane.net/res/img/47861B72F6CB00CADCD0492FD5FDC62D.jpg","http://www.brylanehome.com/Home-Sale.aspx?DeptId=24297","Sale"
"src","OSPG_BH","DM115381","http://redcats-usa-t.neolane.net/res/img/48F9937544147F9EA3913AFDF13CC507.jpg","http://www.brylanehome.com/Home-Sale.aspx?DeptId=24297","Sale"
"src","OSPG_BH","DM115381","http://redcats-usa-t.neolane.net/res/img/04ED50CFCD812C1690535D5732E122B6.jpg","http://www.brylanehome.com/Home-Towels.aspx?DeptId=15198","Towels"
"src","OSPG_BH","DM115381","http://redcats-usa-t.neolane.net/res/img/C47064D42018AC84ADDF4251B6AFE26A.jpg","http://www.brylanehome.com/Home-Bedspreads.aspx?DeptId=15167","Bedspreads"
"src","OSPG_BH","DM115381","http://redcats-usa-t.neolane.net/res/img/365F410035DAF9A41BB42F00C12D0D49.jpg","http://www.brylanehome.com/Home-Blankets-and-Throws.aspx?DeptId=15173","Blankets-and-Throws"
"src","OSPG_BH","DM115381","http://redcats-usa-t.neolane.net/res/img/32E59D61AF25163082EBE14449863627.jpg","http://www.brylanehome.com/Home-Mattress-Pads-Toppers-and-Pillows.aspx?DeptId=15182","Mattress-Pads-Toppers-and-Pillows"
"src","OSPG_BH","DM115381","http://redcats-usa-t.neolane.net/res/img/BA3F49F1F19F015D63E54D7A79F2367A.jpg","http://www.brylanehome.com/Home-Bath-Rugs-and-Bath-Mats.aspx?DeptId=15199","Bath-Rugs-and-Bath-Mats"
"src","OSPG_BH","DM115381","http://redcats-usa-t.neolane.net/res/img/EE962C2A5085A7E54075D0F77E3B5465.jpg","http://www.brylanehome.com/Home-Quilts.aspx?DeptId=15168","Quilts"
"src","OSPG_BH","DM115381","http://redcats-usa-t.neolane.net/res/img/5357E34C6767F4F28C26522C7BDF3FD8.jpg","http://www.brylanehome.com/Home-Comforters.aspx?DeptId=20590","Comforters"
"src","OSPG_BH","DM115381","http://redcats-usa-t.neolane.net/res/img/0373F0C56EF66F2C03A56F857F0B3E30.jpg","http://www.brylanehome.com/Home-Mattress-Pads-Toppers-and-Pillows.aspx?DeptId=15182","Mattress-Pads-Toppers-and-Pillows"
"src","OSPG_BH","DM115381","http://redcats-usa-t.neolane.net/res/img/D79CD94C9E90A41382D76AC54540D6D3.jpg","http://www.brylanehome.com/Home-Pillows.aspx?DeptId=15183","Pillows"
"src","OSPG_BH","DM115381","http://redcats-usa-t.neolane.net/res/img/86DF343CC6F12544111FF731C286C9AB.jpg","http://www.brylanehome.com/Home-New-Markdowns.aspx?DeptId=15323","New-Markdowns"
"src","OSPG_BH","DM115384","http://redcats-usa-t.neolane.net/res/img/9ED88393B4AC3FFB70B6521E34D88082.jpg","http://www.brylanehome.com/Home-Sale.aspx?DeptId=24297","Sale"
"src","OSPG_BH","DM115384","http://redcats-usa-t.neolane.net/res/img/B20FDBFC4723BA23D6EA8A8100DE879E.jpg","http://www.brylanehome.com/Home-Bedding.aspx?DeptId=19903","Bedding"
"src","OSPG_BH","DM115384","http://redcats-usa-t.neolane.net/res/img/D7B074D3D3B85FB74C3643402F1268A5.jpg","http://www.brylanehome.com/Home-Kitchen.aspx?DeptId=15546","Kitchen"
"src","OSPG_BH","DM115384","http://redcats-usa-t.neolane.net/res/img/578B9A36030F0ECEFFC4B3DDF53C1E47.jpg","http://www.brylanehome.com/Home-Bedding.aspx?DeptId=19903","Bedding"
"src","OSPG_BH","DM115384","http://redcats-usa-t.neolane.net/res/img/8A04BE3E103FE46523FEBA7109774D0D.jpg","http://www.brylanehome.com/Home-Storage-and-Organization.aspx?DeptId=15243","Storage-and-Organization"
"src","OSPG_BH","DM115384","http://redcats-usa-t.neolane.net/res/img/DB24CCF008430B005EEC90CD5BF87A3B.jpg","http://www.brylanehome.com/Home-Bedding.aspx?DeptId=19903","Bedding"
"src","OSPG_BH","DM115384","http://redcats-usa-t.neolane.net/res/img/7AF107B937A14D204ABA2F86D72034AF.jpg","http://www.brylanehome.com/Home-Window.aspx?DeptId=15853","Window"
"src","OSPG_BH","DM115384","http://redcats-usa-t.neolane.net/res/img/8125786C31790AAABBFAAC20F61B918F.jpg","http://www.brylanehome.com/Home-New-Markdowns.aspx?DeptId=15323","New-Markdowns"
"src","OSPG_BH","DM115388","http://redcats-usa-t.neolane.net/res/img/9ED88393B4AC3FFB70B6521E34D88082.jpg","http://www.brylanehome.com/Home-Sale.aspx?DeptId=24297","Sale"
"src","OSPG_BH","DM115388","http://redcats-usa-t.neolane.net/res/img/B20FDBFC4723BA23D6EA8A8100DE879E.jpg","http://www.brylanehome.com/Home-Bedding.aspx?DeptId=19903","Bedding"
"src","OSPG_BH","DM115388","http://redcats-usa-t.neolane.net/res/img/D7B074D3D3B85FB74C3643402F1268A5.jpg","http://www.brylanehome.com/Home-Kitchen.aspx?DeptId=15546","Kitchen"
"src","OSPG_BH","DM115388","http://redcats-usa-t.neolane.net/res/img/578B9A36030F0ECEFFC4B3DDF53C1E47.jpg","http://www.brylanehome.com/Home-Bedding.aspx?DeptId=19903","Bedding"
"src","OSPG_BH","DM115388","http://redcats-usa-t.neolane.net/res/img/8A04BE3E103FE46523FEBA7109774D0D.jpg","http://www.brylanehome.com/Home-Storage-and-Organization.aspx?DeptId=15243","Storage-and-Organization"
"src","OSPG_BH","DM115388","http://redcats-usa-t.neolane.net/res/img/DB24CCF008430B005EEC90CD5BF87A3B.jpg","http://www.brylanehome.com/Home-Bedding.aspx?DeptId=19903","Bedding"
"src","OSPG_BH","DM115388","http://redcats-usa-t.neolane.net/res/img/7AF107B937A14D204ABA2F86D72034AF.jpg","http://www.brylanehome.com/Home-Window.aspx?DeptId=15853","Window"
"src","OSPG_BH","DM115388","http://redcats-usa-t.neolane.net/res/img/3124BA226554AA7787316BC99B55FCEF.jpg","http://www.brylanehome.com/Home-Sale.aspx?DeptId=24297","Sale"
"src","OSPG_BH","DM115388","http://redcats-usa-t.neolane.net/res/img/8125786C31790AAABBFAAC20F61B918F.jpg","http://www.brylanehome.com/Home-New-Markdowns.aspx?DeptId=15323","New-Markdowns"
"src","OSPG_BH","DM115392","http://redcats-usa-t.neolane.net/res/img/9ED88393B4AC3FFB70B6521E34D88082.jpg","http://www.brylanehome.com/Home-Sale.aspx?DeptId=24297","Sale"
"src","OSPG_BH","DM115392","http://redcats-usa-t.neolane.net/res/img/B20FDBFC4723BA23D6EA8A8100DE879E.jpg","http://www.brylanehome.com/Home-Bedding.aspx?DeptId=19903","Bedding"
"src","OSPG_BH","DM115392","http://redcats-usa-t.neolane.net/res/img/D7B074D3D3B85FB74C3643402F1268A5.jpg","http://www.brylanehome.com/Home-Kitchen.aspx?DeptId=15546","Kitchen"
"src","OSPG_BH","DM115392","http://redcats-usa-t.neolane.net/res/img/578B9A36030F0ECEFFC4B3DDF53C1E47.jpg","http://www.brylanehome.com/Home-Bedding.aspx?DeptId=19903","Bedding"
"src","OSPG_BH","DM115392","http://redcats-usa-t.neolane.net/res/img/8A04BE3E103FE46523FEBA7109774D0D.jpg","http://www.brylanehome.com/Home-Storage-and-Organization.aspx?DeptId=15243","Storage-and-Organization"
"src","OSPG_BH","DM115392","http://redcats-usa-t.neolane.net/res/img/DB24CCF008430B005EEC90CD5BF87A3B.jpg","http://www.brylanehome.com/Home-Bedding.aspx?DeptId=19903","Bedding"
"src","OSPG_BH","DM115392","http://redcats-usa-t.neolane.net/res/img/7AF107B937A14D204ABA2F86D72034AF.jpg","http://www.brylanehome.com/Home-Window.aspx?DeptId=15853","Window"
"src","OSPG_BH","DM115392","http://redcats-usa-t.neolane.net/res/img/8125786C31790AAABBFAAC20F61B918F.jpg","http://www.brylanehome.com/Home-New-Markdowns.aspx?DeptId=15323","New-Markdowns"
"src","OSPG_BH","DM115396","http://redcats-usa-t.neolane.net/res/img/F3BCFFD1423220D688F6CE49447F23D8.jpg","http://www.brylanehome.com/Home-Sale.aspx?DeptId=24297","Sale"
"src","OSPG_BH","DM115396","http://redcats-usa-t.neolane.net/res/img/04ED50CFCD812C1690535D5732E122B6.jpg","http://www.brylanehome.com/Home-Towels.aspx?DeptId=15198","Towels"
"src","OSPG_BH","DM115396","http://redcats-usa-t.neolane.net/res/img/C47064D42018AC84ADDF4251B6AFE26A.jpg","http://www.brylanehome.com/Home-Bedspreads.aspx?DeptId=15167","Bedspreads"
"src","OSPG_BH","DM115396","http://redcats-usa-t.neolane.net/res/img/365F410035DAF9A41BB42F00C12D0D49.jpg","http://www.brylanehome.com/Home-Blankets-and-Throws.aspx?DeptId=15173","Blankets-and-Throws"
"src","OSPG_BH","DM115396","http://redcats-usa-t.neolane.net/res/img/32E59D61AF25163082EBE14449863627.jpg","http://www.brylanehome.com/Home-Mattress-Pads-Toppers-and-Pillows.aspx?DeptId=15182","Mattress-Pads-Toppers-and-Pillows"
"src","OSPG_BH","DM115396","http://redcats-usa-t.neolane.net/res/img/BA3F49F1F19F015D63E54D7A79F2367A.jpg","http://www.brylanehome.com/Home-Bath-Rugs-and-Bath-Mats.aspx?DeptId=15199","Bath-Rugs-and-Bath-Mats"
"src","OSPG_BH","DM115396","http://redcats-usa-t.neolane.net/res/img/EE962C2A5085A7E54075D0F77E3B5465.jpg","http://www.brylanehome.com/Home-Quilts.aspx?DeptId=15168","Quilts"
"src","OSPG_BH","DM115396","http://redcats-usa-t.neolane.net/res/img/5357E34C6767F4F28C26522C7BDF3FD8.jpg","http://www.brylanehome.com/Home-Comforters.aspx?DeptId=20590","Comforters"
"src","OSPG_BH","DM115396","http://redcats-usa-t.neolane.net/res/img/0373F0C56EF66F2C03A56F857F0B3E30.jpg","http://www.brylanehome.com/Home-Mattress-Pads-Toppers-and-Pillows.aspx?DeptId=15182","Mattress-Pads-Toppers-and-Pillows"
"src","OSPG_BH","DM115396","http://redcats-usa-t.neolane.net/res/img/D79CD94C9E90A41382D76AC54540D6D3.jpg","http://www.brylanehome.com/Home-Pillows.aspx?DeptId=15183","Pillows"
"src","OSPG_BH","DM115396","http://redcats-usa-t.neolane.net/res/img/A5250B405350A79D3B5EA757B1C06E8E.jpg","http://www.brylanehome.com/Home-Sale.aspx?DeptId=24297","Sale"
"src","OSPG_BH","DM115396","http://redcats-usa-t.neolane.net/res/img/86DF343CC6F12544111FF731C286C9AB.jpg","http://www.brylanehome.com/Home-New-Markdowns.aspx?DeptId=15323","New-Markdowns"
"src","OSPG_BH","DM115412","http://redcats-usa-t.neolane.net/res/img/9ED88393B4AC3FFB70B6521E34D88082.jpg","http://www.brylanehome.com/Home-Sale.aspx?DeptId=24297","Sale"
"src","OSPG_BH","DM115412","http://redcats-usa-t.neolane.net/res/img/B20FDBFC4723BA23D6EA8A8100DE879E.jpg","http://www.brylanehome.com/Home-Bedding.aspx?DeptId=19903","Bedding"
"src","OSPG_BH","DM115412","http://redcats-usa-t.neolane.net/res/img/D7B074D3D3B85FB74C3643402F1268A5.jpg","http://www.brylanehome.com/Home-Kitchen.aspx?DeptId=15546","Kitchen"
"src","OSPG_BH","DM115412","http://redcats-usa-t.neolane.net/res/img/578B9A36030F0ECEFFC4B3DDF53C1E47.jpg","http://www.brylanehome.com/Home-Bedding.aspx?DeptId=19903","Bedding"
"src","OSPG_BH","DM115412","http://redcats-usa-t.neolane.net/res/img/8A04BE3E103FE46523FEBA7109774D0D.jpg","http://www.brylanehome.com/Home-Storage-and-Organization.aspx?DeptId=15243","Storage-and-Organization"
"src","OSPG_BH","DM115412","http://redcats-usa-t.neolane.net/res/img/DB24CCF008430B005EEC90CD5BF87A3B.jpg","http://www.brylanehome.com/Home-Bedding.aspx?DeptId=19903","Bedding"
"src","OSPG_BH","DM115412","http://redcats-usa-t.neolane.net/res/img/7AF107B937A14D204ABA2F86D72034AF.jpg","http://www.brylanehome.com/Home-Window.aspx?DeptId=15853","Window"
"src","OSPG_BH","DM115412","http://redcats-usa-t.neolane.net/res/img/8125786C31790AAABBFAAC20F61B918F.jpg","http://www.brylanehome.com/Home-New-Markdowns.aspx?DeptId=15323","New-Markdowns"
"src","OSPG_BH","DM115874","http://redcats-usa-t.neolane.net/res/img/E318E191E243F6DF3A720D2F83BBFF0F.jpg","http://www.brylanehome.com/home-furniture-decor.aspx?DeptId=15158","furniture-decor"
"src","OSPG_BH","DM115874","http://redcats-usa-t.neolane.net/res/img/016A42E4B2C307F095A9F69FEBFDFA25.jpg","http://www.brylanehome.com/Home-Living-Room-Furniture.aspx?DeptId=23019","Living-Room-Furniture"
"src","OSPG_BH","DM115874","http://redcats-usa-t.neolane.net/res/img/817A4BC62D21B03C051850FB5C76EE09.jpg","http://www.brylanehome.com/Home-Rugs.aspx?DeptId=20059","Rugs"
"src","OSPG_BH","DM115874","http://redcats-usa-t.neolane.net/res/img/10D9B57530679CBFAC82C085BA6393D7.jpg","http://www.brylanehome.com/Home-Accent-Furniture.aspx?DeptId=23071","Accent-Furniture"
"src","OSPG_BH","DM115874","http://redcats-usa-t.neolane.net/res/img/0380F7FC1FA423EA72C406395A0DDE29.jpg","http://www.brylanehome.com/Home-Blinds-and-Shades.aspx?DeptId=15287","Blinds-and-Shades"
"src","OSPG_BH","DM115878","http://redcats-usa-t.neolane.net/res/img/DA29C5CEC859A9EA8A5C6458633C05AB.jpg","http://www.brylanehome.com/home-furniture-decor.aspx?DeptId=15158","furniture-decor"
"src","OSPG_BH","DM115878","http://redcats-usa-t.neolane.net/res/img/016A42E4B2C307F095A9F69FEBFDFA25.jpg","http://www.brylanehome.com/Home-Living-Room-Furniture.aspx?DeptId=23019","Living-Room-Furniture"
"src","OSPG_BH","DM115878","http://redcats-usa-t.neolane.net/res/img/817A4BC62D21B03C051850FB5C76EE09.jpg","http://www.brylanehome.com/Home-Rugs.aspx?DeptId=20059","Rugs"
"src","OSPG_BH","DM115878","http://redcats-usa-t.neolane.net/res/img/10D9B57530679CBFAC82C085BA6393D7.jpg","http://www.brylanehome.com/Home-Accent-Furniture.aspx?DeptId=23071","Accent-Furniture"
"src","OSPG_BH","DM115878","http://redcats-usa-t.neolane.net/res/img/0380F7FC1FA423EA72C406395A0DDE29.jpg","http://www.brylanehome.com/Home-Blinds-and-Shades.aspx?DeptId=15287","Blinds-and-Shades"
"src","OSPG_BH","DM115878","http://redcats-usa-t.neolane.net/res/img/A776927E9E4BD2E57A9AC476831CB51B.jpg","http://www.brylanehome.com/home-furniture-decor.aspx?DeptId=15158","furniture-decor"
"src","OSPG_BH","DM115896","http://redcats-usa-t.neolane.net/res/img/DA29C5CEC859A9EA8A5C6458633C05AB.jpg","http://www.brylanehome.com/home-furniture-decor.aspx?DeptId=15158","furniture-decor"
"src","OSPG_BH","DM115896","http://redcats-usa-t.neolane.net/res/img/016A42E4B2C307F095A9F69FEBFDFA25.jpg","http://www.brylanehome.com/Home-Living-Room-Furniture.aspx?DeptId=23019","Living-Room-Furniture"
"src","OSPG_BH","DM115896","http://redcats-usa-t.neolane.net/res/img/817A4BC62D21B03C051850FB5C76EE09.jpg","http://www.brylanehome.com/Home-Rugs.aspx?DeptId=20059","Rugs"
"src","OSPG_BH","DM115896","http://redcats-usa-t.neolane.net/res/img/10D9B57530679CBFAC82C085BA6393D7.jpg","http://www.brylanehome.com/Home-Accent-Furniture.aspx?DeptId=23071","Accent-Furniture"
"src","OSPG_BH","DM115896","http://redcats-usa-t.neolane.net/res/img/0380F7FC1FA423EA72C406395A0DDE29.jpg","http://www.brylanehome.com/Home-Blinds-and-Shades.aspx?DeptId=15287","Blinds-and-Shades"
"src","OSPG_BH","DM115896","http://redcats-usa-t.neolane.net/res/img/A776927E9E4BD2E57A9AC476831CB51B.jpg","http://www.brylanehome.com/home-furniture-decor.aspx?DeptId=15158","furniture-decor"
"src","OSPG_BH","DM116088","http://redcats-usa-t.neolane.net/res/img/AE3FC22BE84F0F4E72BA0FC2BAD891F2.jpg","http://www.brylanehome.com/Home-Curtains-and-Drapes.aspx?DeptId=15286","Curtains-and-Drapes"
"src","OSPG_BH","DM116088","http://redcats-usa-t.neolane.net/res/img/B2C6DE3F169FA577CD83DCFD27A3F76C.jpg","http://www.brylanehome.com/Home-Sheer-Curtains.aspx?DeptId=25389","Sheer-Curtains"
"src","OSPG_BH","DM116088","http://redcats-usa-t.neolane.net/res/img/C1D751EF44E57690ADF91144D90F67FC.jpg","http://www.brylanehome.com/Home-Energy-Savers.aspx?DeptId=15296","Energy-Savers"
"src","OSPG_BH","DM116088","http://redcats-usa-t.neolane.net/res/img/0F6CFD95729A38D622963D3D8CDA9D60.jpg","http://www.brylanehome.com/Home-Blinds-and-Shades.aspx?DeptId=15287","Blinds-and-Shades"
"src","OSPG_BH","DM116088","http://redcats-usa-t.neolane.net/res/img/6231DA1DE1C112C0BBF36B7B54C0D46B.jpg","http://www.brylanehome.com/Home-All-In-One-Window.aspx?DeptId=15289","All-In-One-Window"
"src","OSPG_BH","DM116088","http://redcats-usa-t.neolane.net/res/img/91061C96BEECB0C77BD4808FAE7D38FA.jpg","http://www.brylanehome.com/Home-Curtain-Rods.aspx?DeptId=15291","Curtain-Rods"
"src","OSPG_BH","DM116088","http://redcats-usa-t.neolane.net/res/img/F2FF717CCDC43789B56102B8BDE5D54F.jpg","http://www.brylanehome.com/Home-Kitchen-Curtains.aspx?DeptId=25388","Kitchen-Curtains"
"src","OSPG_BH","DM116088","http://redcats-usa-t.neolane.net/res/img/8F65A6BBA9454E649A59ACD7ACD482F2.jpg","http://www.brylanehome.com/Home-Curtains-and-Drapes.aspx?DeptId=15286","Curtains-and-Drapes"
"src","OSPG_BH","DM116090","http://redcats-usa-t.neolane.net/res/img/7EEAAA0B9391D493A3CC1A3BF27ED4FF.jpg","http://www.brylanehome.com/Home-New-Markdowns.aspx?DeptId=15323","New-Markdowns"
"src","OSPG_BH","DM116090","http://redcats-usa-t.neolane.net/res/img/BE440DBB961E061A35D338419B694CFB.jpg","http://www.brylanehome.com/Home-Comforters.aspx?DeptId=15328","Comforters"
"src","OSPG_BH","DM116090","http://redcats-usa-t.neolane.net/res/img/39EE71F37990B634C74B35F88D980341.jpg","http://www.brylanehome.com/Home-Kitchen.aspx?DeptId=15330","Kitchen"
"src","OSPG_BH","DM116090","http://redcats-usa-t.neolane.net/res/img/EF97171984A7CDBE64961082B25C5767.jpg","http://www.brylanehome.com/Home-Window.aspx?DeptId=15335","Window"
"src","OSPG_BH","DM116090","http://redcats-usa-t.neolane.net/res/img/C1200C1E27D11D433A103D55EE662122.jpg","http://www.brylanehome.com/Home-Bath.aspx?DeptId=15327","Bath"
"src","OSPG_BH","DM116090","http://redcats-usa-t.neolane.net/res/img/85A0055571147B486388B27B2EEA2D63.jpg","http://www.brylanehome.com/Home-Storage-and-Organization.aspx?DeptId=15334","Storage-and-Organization"
"src","OSPG_BH","DM116090","http://redcats-usa-t.neolane.net/res/img/894B53164D9D74E700519CD735E41849.jpg","http://www.brylanehome.com/Home-Bedspreads.aspx?DeptId=19270","Bedspreads"
"src","OSPG_BH","DM116090","http://redcats-usa-t.neolane.net/res/img/B76D3F0442A878D0ABFB094AC1EAECDC.jpg","http://www.brylanehome.com/Home-New-Markdowns.aspx?DeptId=15323","New-Markdowns"
"src","OSPG_BH","DM116090","http://redcats-usa-t.neolane.net/res/img/A1A95C940232EBCFFE4D1978843E5286.jpg","http://www.brylanehome.com/decor/BrylaneHome-Studio-Ivy-3Pc-Comforter-Set-Collection.aspx?PfId=21665&DeptId=15328&ProductTypeId=2&ppos=2&Splt=0#.VNe4ri7QN2A","/BrylaneHome-Studio-Ivy-3Pc-Comforter-Set-Collection"
"src","OSPG_BH","DM116091","http://redcats-usa-t.neolane.net/res/img/8564176B765464E54433B384D9A65CDC.jpg","http://www.brylanehome.com/Home-Patio-Furniture.aspx?DeptId=15583","Patio-Furniture"
"src","OSPG_BH","DM116091","http://redcats-usa-t.neolane.net/res/img/35EBE20CB38452FE604103FDE60B29C1.jpg","http://www.brylanehome.com/Home-Sheets.aspx?DeptId=15170","Sheets"
"src","OSPG_BH","DM116091","http://redcats-usa-t.neolane.net/res/img/ACBF44321B4C745EFD1F2BAE28DD6BD6.jpg","http://www.brylanehome.com/Home-Gazebos-and-Umbrellas.aspx?DeptId=22612","Gazebos-and-Umbrellas"
"src","OSPG_BH","DM116091","http://redcats-usa-t.neolane.net/res/img/5988BA8E6ABA0FE7BC8F6655A12C450D.jpg","http://www.brylanehome.com/Home-Comforters.aspx?DeptId=20590","Comforters"
"src","OSPG_BH","DM116091","http://redcats-usa-t.neolane.net/res/img/AC6BE02FCC4A23CBAEA8804F24FB52CC.jpg","http://www.brylanehome.com/Home-New-Markdowns.aspx?DeptId=15323","New-Markdowns"
"src","OSPG_BH","DM116092","http://redcats-usa-t.neolane.net/res/img/5CD63536DD2C8EA3235E7555E2457F15.jpg","http://www.brylanehome.com/Home-New-Markdowns.aspx?DeptId=15323","New-Markdowns"
"src","OSPG_BH","DM116092","http://redcats-usa-t.neolane.net/res/img/6FB1DCC7DCC8A827238877D7DB2185CC.jpg","http://www.brylanehome.com/Home-Sheets-and-Blankets.aspx?DeptId=19273","Sheets-and-Blankets"
"src","OSPG_BH","DM116092","http://redcats-usa-t.neolane.net/res/img/4E79B59314F44649593EB6B20ADEF35A.jpg","http://www.brylanehome.com/Home-Kitchen.aspx?DeptId=15330","Kitchen"
"src","OSPG_BH","DM116092","http://redcats-usa-t.neolane.net/res/img/A19301A993969A6B17FDFEB310F01ED8.jpg","http://www.brylanehome.com/Home-Window.aspx?DeptId=15335","Window"
"src","OSPG_BH","DM116092","http://redcats-usa-t.neolane.net/res/img/BB9680CE2F697F0125EBEE702496876B.jpg","http://www.brylanehome.com/Home-Home-Decor.aspx?DeptId=15331","Home-Decor"
"src","OSPG_BH","DM116092","http://redcats-usa-t.neolane.net/res/img/6B3CC1D49EE8ECE78DEB56D5F2B20284.jpg","http://www.brylanehome.com/Home-Quilts.aspx?DeptId=19272","Quilts"
"src","OSPG_BH","DM116092","http://redcats-usa-t.neolane.net/res/img/2059AFF03773CB6495C7008A7B17E931.jpg","http://www.brylanehome.com/Home-Bedspreads.aspx?DeptId=19270","Bedspreads"
"src","OSPG_BH","DM116092","http://redcats-usa-t.neolane.net/res/img/A93E554162E02D2CB7FFEECAE5E2B41B.jpg","http://www.brylanehome.com/Home-New-Markdowns.aspx?DeptId=15323","New-Markdowns"
"src","OSPG_BH","DM116095","http://redcats-usa-t.neolane.net/res/img/B29265A24D219D0BC521D3A8D5CC755F.jpg","http://www.brylanehome.com/Home-Kitchen-Appliances.aspx?DeptId=15219","Kitchen-Appliances"
"src","OSPG_BH","DM116095","http://redcats-usa-t.neolane.net/res/img/AA850BCF5F17F31971CA7B9B48FD2BC7.jpg","http://www.brylanehome.com/Home-Dinnerware-and-Flatware.aspx?DeptId=15214","Dinnerware-and-Flatware"
"src","OSPG_BH","DM116095","http://redcats-usa-t.neolane.net/res/img/F9297A460D7D57E4827261D5DB99E027.jpg","http://www.brylanehome.com/Home-Cookware.aspx?DeptId=15210","Cookware"
"src","OSPG_BH","DM116095","http://redcats-usa-t.neolane.net/res/img/763087DA47B5DF1DF723B8F0467F7023.jpg","http://www.brylanehome.com/Home-Servers.aspx?DeptId=15217","Servers"
"src","OSPG_BH","DM116095","http://redcats-usa-t.neolane.net/res/img/D814A3D01EFC6E00D95F359392CE5F40.jpg","http://www.brylanehome.com/Home-New-Markdowns.aspx?DeptId=15323","New-Markdowns"
"src","OSPG_BH","DM116096","http://redcats-usa-t.neolane.net/res/img/46F498280627A464BD3EAE74B3603F47.jpg","http://www.brylanehome.com/Home-Blankets-and-Throws.aspx?DeptId=15173","Blankets-and-Throws"
"src","OSPG_BH","DM116096","http://redcats-usa-t.neolane.net/res/img/B60CD33D81D67ED0F5C32F8F1266469C.jpg","http://www.brylanehome.com/Home-Slipcovers.aspx?DeptId=15260","Slipcovers"
"src","OSPG_BH","DM116096","http://redcats-usa-t.neolane.net/res/img/FE608BE740D30A8D4B4D8CCB80A49EE7.jpg","http://www.brylanehome.com/Home-Bedspreads.aspx?DeptId=15167","Bedspreads"
"src","OSPG_BH","DM116096","http://redcats-usa-t.neolane.net/res/img/D86486FF89365574A2E7893DA85EB0FB.jpg","http://www.brylanehome.com/Home-Energy-Savers.aspx?DeptId=15296","Energy-Savers"
"src","OSPG_BH","DM116099","http://redcats-usa-t.neolane.net/res/img/BBA9CBC8DEF5B4BDB09A8DC0CAB6B6B8.jpg","http://www.brylanehome.com/home-Bedding.aspx?DeptId=15154","Bedding"
"src","OSPG_BH","DM116099","http://redcats-usa-t.neolane.net/res/img/ECC099B3A107A12AA136BB03F8C69C82.jpg","http://www.brylanehome.com/Home-Towels.aspx?DeptId=15198","Towels"
"src","OSPG_BH","DM116099","http://redcats-usa-t.neolane.net/res/img/180BA86E4DE1DBA6ED7D3218440D380A.jpg","http://www.brylanehome.com/Home-Pillows.aspx?DeptId=15183","Pillows"
"src","OSPG_BH","DM116099","http://redcats-usa-t.neolane.net/res/img/058E4D2F705059615669843290114881.jpg","http://www.brylanehome.com/Home-Blankets-and-Throws.aspx?DeptId=15173","Blankets-and-Throws"
"src","OSPG_BH","DM116099","http://redcats-usa-t.neolane.net/res/img/24107AC8B2C645F07EEEF552351FA121.jpg","http://www.brylanehome.com/Home-Mattress-Pads-Toppers-and-Pillows.aspx?DeptId=15182","Mattress-Pads-Toppers-and-Pillows"
"src","OSPG_BH","DM116099","http://redcats-usa-t.neolane.net/res/img/B03AF8511B2519B9222FF2B858877F44.jpg","http://www.brylanehome.com/Home-Blankets-and-Throws.aspx?DeptId=15173","Blankets-and-Throws"
"src","OSPG_BH","DM116099","http://redcats-usa-t.neolane.net/res/img/DC77CB4178D67683544CD71DE2499AFD.jpg","http://www.brylanehome.com/Home-Quilts.aspx?DeptId=15168","Quilts"
"src","OSPG_BH","DM116099","http://redcats-usa-t.neolane.net/res/img/A24422116BD3FD34685EBB63B43278B3.jpg","http://www.brylanehome.com/Home-Sheets.aspx?DeptId=15170","Sheets"
"src","OSPG_BH","DM116099","http://redcats-usa-t.neolane.net/res/img/0B6D0432F93E90D52507E8708920C0A6.jpg","http://www.brylanehome.com/Home-Mattress-Pads-Toppers-and-Pillows.aspx?DeptId=15182","Mattress-Pads-Toppers-and-Pillows"
"src","OSPG_BH","DM116099","http://redcats-usa-t.neolane.net/res/img/8F2536E31D9BD64A02BA55CA9E773B93.jpg","http://www.brylanehome.com/Home-Sheets.aspx?DeptId=15170","Sheets"
"src","OSPG_BH","DM116099","http://redcats-usa-t.neolane.net/res/img/3AB6B03841D7175A38C3BC577BC27509.jpg","http://www.brylanehome.com/home-Bedding.aspx?DeptId=15154","Bedding"
"src","OSPG_BH","DM116099","http://redcats-usa-t.neolane.net/res/img/BF213A306C0B6FC3A794AD5FE9201FB4.jpg","http://www.brylanehome.com/Home-New-Markdowns.aspx?DeptId=15323","New-Markdowns"
"src","OSPG_BH","DM116427","http://redcats-usa-t.neolane.net/res/img/46F498280627A464BD3EAE74B3603F47.jpg","http://www.brylanehome.com/Home-Blankets-and-Throws.aspx?DeptId=15173","Blankets-and-Throws"
"src","OSPG_BH","DM116427","http://redcats-usa-t.neolane.net/res/img/B60CD33D81D67ED0F5C32F8F1266469C.jpg","http://www.brylanehome.com/Home-Slipcovers.aspx?DeptId=15260","Slipcovers"
"src","OSPG_BH","DM116427","http://redcats-usa-t.neolane.net/res/img/FE608BE740D30A8D4B4D8CCB80A49EE7.jpg","http://www.brylanehome.com/Home-Bedspreads.aspx?DeptId=15167","Bedspreads"
"src","OSPG_BH","DM116427","http://redcats-usa-t.neolane.net/res/img/D86486FF89365574A2E7893DA85EB0FB.jpg","http://www.brylanehome.com/Home-Energy-Savers.aspx?DeptId=15296","Energy-Savers"
"src","OSPG_BH","DM116622","http://redcats-usa-t.neolane.net/res/img/B29265A24D219D0BC521D3A8D5CC755F.jpg","http://www.brylanehome.com/Home-Kitchen-Appliances.aspx?DeptId=15219","Kitchen-Appliances"
"src","OSPG_BH","DM116622","http://redcats-usa-t.neolane.net/res/img/AA850BCF5F17F31971CA7B9B48FD2BC7.jpg","http://www.brylanehome.com/Home-Dinnerware-and-Flatware.aspx?DeptId=15214","Dinnerware-and-Flatware"
"src","OSPG_BH","DM116622","http://redcats-usa-t.neolane.net/res/img/F9297A460D7D57E4827261D5DB99E027.jpg","http://www.brylanehome.com/Home-Cookware.aspx?DeptId=15210","Cookware"
"src","OSPG_BH","DM116622","http://redcats-usa-t.neolane.net/res/img/763087DA47B5DF1DF723B8F0467F7023.jpg","http://www.brylanehome.com/Home-Servers.aspx?DeptId=15217","Servers"
"src","OSPG_BH","DM116622","http://redcats-usa-t.neolane.net/res/img/D814A3D01EFC6E00D95F359392CE5F40.jpg","http://www.brylanehome.com/Home-New-Markdowns.aspx?DeptId=15323","New-Markdowns"
"src","OSPG_BH","DM116623","http://redcats-usa-t.neolane.net/res/img/B29265A24D219D0BC521D3A8D5CC755F.jpg","http://www.brylanehome.com/Home-Kitchen-Appliances.aspx?DeptId=15219","Kitchen-Appliances"
"src","OSPG_BH","DM116623","http://redcats-usa-t.neolane.net/res/img/AA850BCF5F17F31971CA7B9B48FD2BC7.jpg","http://www.brylanehome.com/Home-Dinnerware-and-Flatware.aspx?DeptId=15214","Dinnerware-and-Flatware"
"src","OSPG_BH","DM116623","http://redcats-usa-t.neolane.net/res/img/F9297A460D7D57E4827261D5DB99E027.jpg","http://www.brylanehome.com/Home-Cookware.aspx?DeptId=15210","Cookware"
"src","OSPG_BH","DM116623","http://redcats-usa-t.neolane.net/res/img/763087DA47B5DF1DF723B8F0467F7023.jpg","http://www.brylanehome.com/Home-Servers.aspx?DeptId=15217","Servers"
"src","OSPG_BH","DM116623","http://redcats-usa-t.neolane.net/res/img/D814A3D01EFC6E00D95F359392CE5F40.jpg","http://www.brylanehome.com/Home-New-Markdowns.aspx?DeptId=15323","New-Markdowns"
"src","OSPG_BH","DM116673","http://redcats-usa-t.neolane.net/res/img/8564176B765464E54433B384D9A65CDC.jpg","http://www.brylanehome.com/Home-Patio-Furniture.aspx?DeptId=15583","Patio-Furniture"
"src","OSPG_BH","DM116673","http://redcats-usa-t.neolane.net/res/img/35EBE20CB38452FE604103FDE60B29C1.jpg","http://www.brylanehome.com/Home-Sheets.aspx?DeptId=15170","Sheets"
"src","OSPG_BH","DM116673","http://redcats-usa-t.neolane.net/res/img/ACBF44321B4C745EFD1F2BAE28DD6BD6.jpg","http://www.brylanehome.com/Home-Gazebos-and-Umbrellas.aspx?DeptId=22612","Gazebos-and-Umbrellas"
"src","OSPG_BH","DM116673","http://redcats-usa-t.neolane.net/res/img/5988BA8E6ABA0FE7BC8F6655A12C450D.jpg","http://www.brylanehome.com/Home-Comforters.aspx?DeptId=20590","Comforters"
"src","OSPG_BH","DM116673","http://redcats-usa-t.neolane.net/res/img/AC6BE02FCC4A23CBAEA8804F24FB52CC.jpg","http://www.brylanehome.com/Home-New-Markdowns.aspx?DeptId=15323","New-Markdowns"
"src","OSPG_BH","DM116922","http://redcats-usa-t.neolane.net/res/img/5CD63536DD2C8EA3235E7555E2457F15.jpg","http://www.brylanehome.com/Home-New-Markdowns.aspx?DeptId=15323","New-Markdowns"
"src","OSPG_BH","DM116922","http://redcats-usa-t.neolane.net/res/img/6FB1DCC7DCC8A827238877D7DB2185CC.jpg","http://www.brylanehome.com/Home-Sheets-and-Blankets.aspx?DeptId=19273","Sheets-and-Blankets"
"src","OSPG_BH","DM116922","http://redcats-usa-t.neolane.net/res/img/4E79B59314F44649593EB6B20ADEF35A.jpg","http://www.brylanehome.com/Home-Kitchen.aspx?DeptId=15330","Kitchen"
"src","OSPG_BH","DM116922","http://redcats-usa-t.neolane.net/res/img/A19301A993969A6B17FDFEB310F01ED8.jpg","http://www.brylanehome.com/Home-Window.aspx?DeptId=15335","Window"
"src","OSPG_BH","DM116922","http://redcats-usa-t.neolane.net/res/img/BB9680CE2F697F0125EBEE702496876B.jpg","http://www.brylanehome.com/Home-Home-Decor.aspx?DeptId=15331","Home-Decor"
"src","OSPG_BH","DM116922","http://redcats-usa-t.neolane.net/res/img/6B3CC1D49EE8ECE78DEB56D5F2B20284.jpg","http://www.brylanehome.com/Home-Quilts.aspx?DeptId=19272","Quilts"
"src","OSPG_BH","DM116922","http://redcats-usa-t.neolane.net/res/img/2059AFF03773CB6495C7008A7B17E931.jpg","http://www.brylanehome.com/Home-Bedspreads.aspx?DeptId=19270","Bedspreads"
"src","OSPG_BH","DM116922","http://redcats-usa-t.neolane.net/res/img/A93E554162E02D2CB7FFEECAE5E2B41B.jpg","http://www.brylanehome.com/Home-New-Markdowns.aspx?DeptId=15323","New-Markdowns"
