"src","OSPG_JL","DM114615","http://redcats-usa-t.neolane.net/res/img/0496DE5CFC633BA8D690D9F6D21B76ED.jpg","http://www.jessicalondon.com/Plus-Size-Winter-Sale-Savings-up-to-70-OFF.aspx?DeptId=23904","Winter-Sale-Savings-up-to-70-OFF"
"src","OSPG_JL","DM114615","http://redcats-usa-t.neolane.net/res/img/17C7B50A45D40657C2E612E89266EE59.jpg","http://www.jessicalondon.com/Plus-Size-Glamorise.aspx?DeptId=11119","Glamorise"
"src","OSPG_JL","DM114615","http://redcats-usa-t.neolane.net/res/img/904715DE62C3E656263535E67A91FF4A.jpg","http://www.jessicalondon.com/Plus-Size-Leather-Shop.aspx?DeptId=25274","Leather-Shop"
"src","OSPG_JL","DM115126","http://redcats-usa-t.neolane.net/res/img/0DBE6F541203FB089901801FEF946D59.jpg","http://www.jessicalondon.com/Plus-Size-Winter-Sale-Savings-up-to-70-OFF.aspx?DeptId=23904","Winter-Sale-Savings-up-to-70-OFF"
"src","OSPG_JL","DM115126","http://redcats-usa-t.neolane.net/res/img/A2CF51AC65804559DDC785FC5D0FFB8F.jpg","http://www.jessicalondon.com/Plus-Size-Boot-Sale-up-to-70-off.aspx?DeptId=26105","Boot-Sale-up-to-70-off"
"src","OSPG_JL","DM115126","http://redcats-usa-t.neolane.net/res/img/B9D941DAD19DCCC9AF8DC179DE920DB0.jpg","http://www.jessicalondon.com/Plus-Size-New-Arrivals.aspx?DeptId=25270","New-Arrivals"
"src","OSPG_JL","DM115127","http://redcats-usa-t.neolane.net/res/img/57523F100D507EEF83483945AF0C8E2D.jpg","http://www.jessicalondon.com/Plus-Size-Buy-Any-2-Save-10.aspx?DeptId=25387","Buy-Any-2-Save-10"
"src","OSPG_JL","DM115127","http://redcats-usa-t.neolane.net/res/img/04521D627DC94E97BB1F3CCC7E98143A.jpg","http://www.jessicalondon.com/plus-size-tops-and-sweaters.aspx?deptid=25068","tops-and-sweaters"
"src","OSPG_JL","DM115129","http://redcats-usa-t.neolane.net/res/img/D8799AB940FC41B38F2640DCBF1BB7FB.jpg","http://www.jessicalondon.com/Plus-Size-Winter-Sale-Savings-up-to-70-OFF.aspx?DeptId=23904","Winter-Sale-Savings-up-to-70-OFF"
"src","OSPG_JL","DM115129","http://redcats-usa-t.neolane.net/res/img/B69BC02982ADE50B8E14BE678BACCC8B.jpg","http://www.jessicalondon.com/Plus-Size-Dresses.aspx?DeptId=25067","Dresses"
"src","OSPG_JL","DM115130","http://redcats-usa-t.neolane.net/res/img/AAC3A659C79EC0192F0AC7F7169BE95E.jpg","http://www.jessicalondon.com/Plus-Size-Winter-Sale-Savings-up-to-70-OFF.aspx?DeptId=23904","Winter-Sale-Savings-up-to-70-OFF"
"src","OSPG_JL","DM115130","http://redcats-usa-t.neolane.net/res/img/F4613E7941ED025F3441AE8000B0F724.jpg","http://www.jessicalondon.com/Plus-Size-New-Markdowns.aspx?DeptId=27441","New-Markdowns"
"src","OSPG_JL","DM115130","http://redcats-usa-t.neolane.net/res/img/8EA13422E464E4AA7FE565920FFB1484.jpg","http://www.jessicalondon.com/Plus-Size-New-Arrivals.aspx?DeptId=25270","New-Arrivals"
"src","OSPG_JL","DM115131","http://redcats-usa-t.neolane.net/res/img/4C8B945262C3F4C19EFF995DFB1A2554.jpg","http://www.jessicalondon.com/Plus-Size-Trending-Now.aspx?DeptId=27592","Trending-Now"
"src","OSPG_JL","DM115131","http://redcats-usa-t.neolane.net/res/img/A4BC6EBD649F0E605BA4A40CA409D428.jpg","http://www.jessicalondon.com/Plus-Size-Color-Crush.aspx?DeptId=28325","Color-Crush"
"src","OSPG_JL","DM115131","http://redcats-usa-t.neolane.net/res/img/42E29CBEC5E3857A3B681B9596857CDF.jpg","http://www.jessicalondon.com/Plus-Size-Trending-Now.aspx?DeptId=27592","Trending-Now"
"src","OSPG_JL","DM115131","http://redcats-usa-t.neolane.net/res/img/DEE77B8C6C9FD659F87BC63AA0548A6D.jpg","http://www.jessicalondon.com/Plus-Size-Color-Crush.aspx?DeptId=28325","Color-Crush"
"src","OSPG_JL","DM115131","http://redcats-usa-t.neolane.net/res/img/00593F3AD09E1C47FB7F90982B93DC7A.jpg","http://www.jessicalondon.com/Plus-Size-Enchanted-Garden.aspx?DeptId=28398","Enchanted-Garden"
"src","OSPG_JL","DM115131","http://redcats-usa-t.neolane.net/res/img/D285AB1173E008389F96731092F01397.jpg","http://www.jessicalondon.com/Plus-Size-Colorblocking.aspx?DeptId=28322","Colorblocking"
"src","OSPG_JL","DM115132","http://redcats-usa-t.neolane.net/res/img/551728CF568FEE5A1AA459FFD630F74D.jpg","http://www.jessicalondon.com/Plus-Size-Buy-Any-2-Save-10.aspx?DeptId=25387","Buy-Any-2-Save-10"
"src","OSPG_JL","DM115132","http://redcats-usa-t.neolane.net/res/img/07FB2B98F73B64E49848351D55285D03.jpg","http://www.jessicalondon.com/Plus-Size-Shoes-and-Boots.aspx?DeptId=23911","Shoes-and-Boots"
"src","OSPG_JL","DM115132","http://redcats-usa-t.neolane.net/res/img/5742C48729B1C337E2CBD2F401A0048D.jpg","http://www.jessicalondon.com/Plus-Size-Shirts-and-Blouses.aspx?DeptId=25114","Shirts-and-Blouses"
"src","OSPG_JL","DM115288","http://redcats-usa-t.neolane.net/res/img/0496DE5CFC633BA8D690D9F6D21B76ED.jpg","http://www.jessicalondon.com/Plus-Size-Winter-Sale-Savings-up-to-70-OFF.aspx?DeptId=23904","Winter-Sale-Savings-up-to-70-OFF"
"src","OSPG_JL","DM115288","http://redcats-usa-t.neolane.net/res/img/17C7B50A45D40657C2E612E89266EE59.jpg","http://www.jessicalondon.com/Plus-Size-Glamorise.aspx?DeptId=11119","Glamorise"
"src","OSPG_JL","DM115288","http://redcats-usa-t.neolane.net/res/img/904715DE62C3E656263535E67A91FF4A.jpg","http://www.jessicalondon.com/Plus-Size-Leather-Shop.aspx?DeptId=25274","Leather-Shop"
"src","OSPG_JL","DM115289","http://redcats-usa-t.neolane.net/res/img/AAC3A659C79EC0192F0AC7F7169BE95E.jpg","http://www.jessicalondon.com/Plus-Size-Winter-Sale-Savings-up-to-70-OFF.aspx?DeptId=23904","Winter-Sale-Savings-up-to-70-OFF"
"src","OSPG_JL","DM115289","http://redcats-usa-t.neolane.net/res/img/F4613E7941ED025F3441AE8000B0F724.jpg","http://www.jessicalondon.com/Plus-Size-New-Markdowns.aspx?DeptId=27441","New-Markdowns"
"src","OSPG_JL","DM115289","http://redcats-usa-t.neolane.net/res/img/8EA13422E464E4AA7FE565920FFB1484.jpg","http://www.jessicalondon.com/Plus-Size-New-Arrivals.aspx?DeptId=25270","New-Arrivals"
"src","OSPG_JL","DM115290","http://redcats-usa-t.neolane.net/res/img/0DBE6F541203FB089901801FEF946D59.jpg","http://www.jessicalondon.com/Plus-Size-Winter-Sale-Savings-up-to-70-OFF.aspx?DeptId=23904","Winter-Sale-Savings-up-to-70-OFF"
"src","OSPG_JL","DM115290","http://redcats-usa-t.neolane.net/res/img/A2CF51AC65804559DDC785FC5D0FFB8F.jpg","http://www.jessicalondon.com/Plus-Size-Boot-Sale-up-to-70-off.aspx?DeptId=26105","Boot-Sale-up-to-70-off"
"src","OSPG_JL","DM115290","http://redcats-usa-t.neolane.net/res/img/B9D941DAD19DCCC9AF8DC179DE920DB0.jpg","http://www.jessicalondon.com/Plus-Size-New-Arrivals.aspx?DeptId=25270","New-Arrivals"
"src","OSPG_JL","DM115291","http://redcats-usa-t.neolane.net/res/img/0DBE6F541203FB089901801FEF946D59.jpg","http://www.jessicalondon.com/Plus-Size-Winter-Sale-Savings-up-to-70-OFF.aspx?DeptId=23904","Winter-Sale-Savings-up-to-70-OFF"
"src","OSPG_JL","DM115291","http://redcats-usa-t.neolane.net/res/img/A2CF51AC65804559DDC785FC5D0FFB8F.jpg","http://www.jessicalondon.com/Plus-Size-Boot-Sale-up-to-70-off.aspx?DeptId=26105","Boot-Sale-up-to-70-off"
"src","OSPG_JL","DM115291","http://redcats-usa-t.neolane.net/res/img/B9D941DAD19DCCC9AF8DC179DE920DB0.jpg","http://www.jessicalondon.com/Plus-Size-New-Arrivals.aspx?DeptId=25270","New-Arrivals"
"src","OSPG_JL","DM115444","http://redcats-usa-t.neolane.net/res/img/551728CF568FEE5A1AA459FFD630F74D.jpg","http://www.jessicalondon.com/Plus-Size-Buy-Any-2-Save-10.aspx?DeptId=25387","Buy-Any-2-Save-10"
"src","OSPG_JL","DM115444","http://redcats-usa-t.neolane.net/res/img/07FB2B98F73B64E49848351D55285D03.jpg","http://www.jessicalondon.com/Plus-Size-Shoes-and-Boots.aspx?DeptId=23911","Shoes-and-Boots"
"src","OSPG_JL","DM115444","http://redcats-usa-t.neolane.net/res/img/5742C48729B1C337E2CBD2F401A0048D.jpg","http://www.jessicalondon.com/Plus-Size-Shirts-and-Blouses.aspx?DeptId=25114","Shirts-and-Blouses"
"src","OSPG_JL","DM115445","http://redcats-usa-t.neolane.net/res/img/4C8B945262C3F4C19EFF995DFB1A2554.jpg","http://www.jessicalondon.com/Plus-Size-Trending-Now.aspx?DeptId=27592","Trending-Now"
"src","OSPG_JL","DM115445","http://redcats-usa-t.neolane.net/res/img/A4BC6EBD649F0E605BA4A40CA409D428.jpg","http://www.jessicalondon.com/Plus-Size-Color-Crush.aspx?DeptId=28325","Color-Crush"
"src","OSPG_JL","DM115445","http://redcats-usa-t.neolane.net/res/img/42E29CBEC5E3857A3B681B9596857CDF.jpg","http://www.jessicalondon.com/Plus-Size-Trending-Now.aspx?DeptId=27592","Trending-Now"
"src","OSPG_JL","DM115445","http://redcats-usa-t.neolane.net/res/img/DEE77B8C6C9FD659F87BC63AA0548A6D.jpg","http://www.jessicalondon.com/Plus-Size-Color-Crush.aspx?DeptId=28325","Color-Crush"
"src","OSPG_JL","DM115445","http://redcats-usa-t.neolane.net/res/img/00593F3AD09E1C47FB7F90982B93DC7A.jpg","http://www.jessicalondon.com/Plus-Size-Enchanted-Garden.aspx?DeptId=28398","Enchanted-Garden"
"src","OSPG_JL","DM115445","http://redcats-usa-t.neolane.net/res/img/D285AB1173E008389F96731092F01397.jpg","http://www.jessicalondon.com/Plus-Size-Colorblocking.aspx?DeptId=28322","Colorblocking"
"src","OSPG_JL","DM115905","http://redcats-usa-t.neolane.net/res/img/57523F100D507EEF83483945AF0C8E2D.jpg","http://www.jessicalondon.com/Plus-Size-Buy-Any-2-Save-10.aspx?DeptId=25387","Buy-Any-2-Save-10"
"src","OSPG_JL","DM115905","http://redcats-usa-t.neolane.net/res/img/04521D627DC94E97BB1F3CCC7E98143A.jpg","http://www.jessicalondon.com/plus-size-tops-and-sweaters.aspx?deptid=25068","tops-and-sweaters"
"src","OSPG_JL","DM116014","http://redcats-usa-t.neolane.net/res/img/5C2EB8FB054813B86D0A7799554747C6.jpg","http://www.jessicalondon.com/Plus-Size-New-Arrivals.aspx?DeptId=25270","New-Arrivals"
"src","OSPG_JL","DM116014","http://redcats-usa-t.neolane.net/res/img/B69BC02982ADE50B8E14BE678BACCC8B.jpg","http://www.jessicalondon.com/Plus-Size-Dresses.aspx?DeptId=25067","Dresses"
"src","OSPG_JL","DM116038","http://redcats-usa-t.neolane.net/res/img/D8799AB940FC41B38F2640DCBF1BB7FB.jpg","http://www.jessicalondon.com/Plus-Size-Winter-Sale-Savings-up-to-70-OFF.aspx?DeptId=23904","Winter-Sale-Savings-up-to-70-OFF"
"src","OSPG_JL","DM116038","http://redcats-usa-t.neolane.net/res/img/B69BC02982ADE50B8E14BE678BACCC8B.jpg","http://www.jessicalondon.com/Plus-Size-Dresses.aspx?DeptId=25067","Dresses"
"src","OSPG_JL","DM116039","http://redcats-usa-t.neolane.net/res/img/5C2EB8FB054813B86D0A7799554747C6.jpg","http://www.jessicalondon.com/Plus-Size-New-Arrivals.aspx?DeptId=25270","New-Arrivals"
"src","OSPG_JL","DM116039","http://redcats-usa-t.neolane.net/res/img/B69BC02982ADE50B8E14BE678BACCC8B.jpg","http://www.jessicalondon.com/Plus-Size-Dresses.aspx?DeptId=25067","Dresses"
"src","OSPG_JL","DM116040","http://redcats-usa-t.neolane.net/res/img/D8799AB940FC41B38F2640DCBF1BB7FB.jpg","http://www.jessicalondon.com/Plus-Size-Winter-Sale-Savings-up-to-70-OFF.aspx?DeptId=23904","Winter-Sale-Savings-up-to-70-OFF"
"src","OSPG_JL","DM116040","http://redcats-usa-t.neolane.net/res/img/B69BC02982ADE50B8E14BE678BACCC8B.jpg","http://www.jessicalondon.com/Plus-Size-Dresses.aspx?DeptId=25067","Dresses"
"src","OSPG_JL","DM116041","http://redcats-usa-t.neolane.net/res/img/5C2EB8FB054813B86D0A7799554747C6.jpg","http://www.jessicalondon.com/Plus-Size-New-Arrivals.aspx?DeptId=25270","New-Arrivals"
"src","OSPG_JL","DM116041","http://redcats-usa-t.neolane.net/res/img/B69BC02982ADE50B8E14BE678BACCC8B.jpg","http://www.jessicalondon.com/Plus-Size-Dresses.aspx?DeptId=25067","Dresses"
"src","OSPG_JL","DM116126","http://redcats-usa-t.neolane.net/res/img/61EFDFA327F28D38E4674636AE194A43.jpg","http://www.jessicalondon.com/Plus-Size-New-Arrivals.aspx?DeptId=25270","New-Arrivals"
"src","OSPG_JL","DM116126","http://redcats-usa-t.neolane.net/res/img/8853430A511FFA6727A7D2C52C4CBB04.jpg","http://www.jessicalondon.com/Plus-Size-Swimwear.aspx?DeptId=25070","Swimwear"
"src","OSPG_JL","DM116126","http://redcats-usa-t.neolane.net/res/img/B20F54341BFE64FCAD095F4AD5C85472.jpg","http://www.jessicalondon.com/plus-size-tops-and-sweaters.aspx?deptid=25068","tops-and-sweaters"
"src","OSPG_JL","DM116126","http://redcats-usa-t.neolane.net/res/img/C8BDCFFE4A17D4434EEE3454D2C495A5.jpg","http://www.jessicalondon.com/Plus-Size-Bra-BOGO.aspx?DeptId=28427","Bra-BOGO"
"src","OSPG_JL","DM116126","http://redcats-usa-t.neolane.net/res/img/37ABE7808C6F7675DC5E16C2616F3F27.jpg","http://www.jessicalondon.com/Plus-Size-Shop-By-Outfit.aspx?DeptId=26793","Shop-By-Outfit"
"src","OSPG_JL","DM116127","http://redcats-usa-t.neolane.net/res/img/465B4F804FF58128E1DBDD09B6937E9E.jpg","http://www.jessicalondon.com/Plus-Size-Winter-Sale-Savings-up-to-70-OFF.aspx?DeptId=23904","Winter-Sale-Savings-up-to-70-OFF"
"src","OSPG_JL","DM116127","http://redcats-usa-t.neolane.net/res/img/48457200FD3B6BDFB1F7AB4E3552A0A9.jpg","http://www.jessicalondon.com/Plus-Size-New-Arrivals.aspx?DeptId=25270","New-Arrivals"
"src","OSPG_JL","DM116129","http://redcats-usa-t.neolane.net/res/img/731C06C05AF9FC4610AD41A0BCD42534.jpg","http://www.jessicalondon.com/Plus-Size-New-Tops.aspx?DeptId=17985","New-Tops"
"src","OSPG_JL","DM116129","http://redcats-usa-t.neolane.net/res/img/03B14E80BC3460E4DEF684490FD6C738.jpg","http://www.jessicalondon.com/Plus-Size-New-Pants-and-Skirts.aspx?DeptId=17987","New-Pants-and-Skirts"
"src","OSPG_JL","DM116129","http://redcats-usa-t.neolane.net/res/img/6228289A52A5D205E3A9C246948BE4CF.jpg","http://www.jessicalondon.com/Plus-Size-New-Dresses.aspx?DeptId=17988","New-Dresses"
"src","OSPG_JL","DM116130","http://redcats-usa-t.neolane.net/res/img/38C10B69D0451878F80C1D9CDC432882.jpg","http://www.jessicalondon.com/Plus-Size-Dresses.aspx?DeptId=25067","Dresses"
"src","OSPG_JL","DM116130","http://redcats-usa-t.neolane.net/res/img/596A10CEE69146AA36DEF4B201FECA1D.jpg","http://www.jessicalondon.com/Plus-Size-Winter-Sale-Savings-up-to-70-OFF.aspx?DeptId=23904","Winter-Sale-Savings-up-to-70-OFF"
"src","OSPG_JL","DM116131","http://redcats-usa-t.neolane.net/res/img/00D5F0510627627D28DF095F641C3093.jpg","http://www.jessicalondon.com/Plus-Size-Dress-and-Suit-Sale.aspx?DeptId=25381","Dress-and-Suit-Sale"
"src","OSPG_JL","DM116131","http://redcats-usa-t.neolane.net/res/img/F80B0AF3C559DCB3A173165B39FE68E9.jpg","http://www.jessicalondon.com/Plus-Size-Dress-and-Suit-Sale.aspx?DeptId=25381","Dress-and-Suit-Sale"
"src","OSPG_JL","DM116131","http://redcats-usa-t.neolane.net/res/img/F7AE19716C37D63B02498F1CF3289C9F.jpg","http://www.jessicalondon.com/Plus-Size-Shrugs.aspx?DeptId=25118","Shrugs"
"src","OSPG_JL","DM116132","http://redcats-usa-t.neolane.net/res/img/67376AFC907423E9C34ECF0C6C3F8929.jpg","http://www.jessicalondon.com/Plus-Size-Boot-Sale-up-to-70-off.aspx?DeptId=26105","Boot-Sale-up-to-70-off"
"src","OSPG_JL","DM116132","http://redcats-usa-t.neolane.net/res/img/01412B71C14942A1C786F79645DD7F36.jpg","http://www.jessicalondon.com/Plus-Size-Shoe-Sale-up-to-70-off.aspx?DeptId=26106","Shoe-Sale-up-to-70-off"
"src","OSPG_JL","DM116132","http://redcats-usa-t.neolane.net/res/img/085440443BF08E45E2EB178A74BD0D8E.jpg","http://www.jessicalondon.com/Plus-Size-Fabulous-50-Items-at-50-OFF.aspx?DeptId=26850","Fabulous-50-Items-at-50-OFF"
"src","OSPG_JL","DM116132","http://redcats-usa-t.neolane.net/res/img/8C731048AD4E1EE800F7B79A2F60091B.jpg","http://www.jessicalondon.com/Plus-Size-Denim-Shop.aspx?DeptId=18278","Denim-Shop"
"src","OSPG_JL","DM116150","http://redcats-usa-t.neolane.net/res/img/84ACB0AC42D35AF980A11AB785F60A1A.jpg","http://www.jessicalondon.com/plus-size-tops-and-sweaters.aspx?deptid=25068","tops-and-sweaters"
"src","OSPG_JL","DM116150","http://redcats-usa-t.neolane.net/res/img/91E26132E892BF05EED1C474506A890D.jpg","http://www.jessicalondon.com/plus-size-tops-and-sweaters.aspx?deptid=25068","tops-and-sweaters"
"src","OSPG_JL","DM116154","http://redcats-usa-t.neolane.net/res/img/C7EED2B6410AAF34382842E6F40DCE43.jpg","http://www.jessicalondon.com/plus-size-tops-and-sweaters.aspx?deptid=25068","tops-and-sweaters"
"src","OSPG_JL","DM116163","http://redcats-usa-t.neolane.net/res/img/882C299C4FE3504299417E754C831492.jpg","http://www.onestopplus.com/Plus-Size-Sweaters-LookBook.aspx?DeptId=28311&promocoupon=FBJLFEB","Sweaters-LookBook"
"src","OSPG_JL","DM116163","http://redcats-usa-t.neolane.net/res/img/2CC70793F3CDC9C59D34836247E60F5C.jpg","http://www.onestopplus.com/Plus-Size-Colorblock-Tunics.aspx?DeptId=28382&promocoupon=FBJLFEB","Colorblock-Tunics"
"src","OSPG_JL","DM116163","http://redcats-usa-t.neolane.net/res/img/59AECBD7E9F89B9E3D256AA472155BAC.jpg","http://www.onestopplus.com/Plus-Size-Crochet-Openwork.aspx?DeptId=28383&promocoupon=FBJLFEB","Crochet-Openwork"
"src","OSPG_JL","DM116163","http://redcats-usa-t.neolane.net/res/img/95226082ADD643B7ADDBE65C1DC9592A.jpg","http://www.onestopplus.com/Plus-Size-Marled-Pullovers.aspx?DeptId=28384&promocoupon=FBJLFEB","Marled-Pullovers"
"src","OSPG_JL","DM116163","http://redcats-usa-t.neolane.net/res/img/227FF2E8D917733F0D926D10B61D2F61.jpg","http://www.onestopplus.com/Plus-Size-Holidays-Your-Way.aspx?DeptId=28090","Holidays-Your-Way"
"src","OSPG_JL","DM116163","http://redcats-usa-t.neolane.net/res/img/A6DE7D7EDC623DE324C077740B109DB3.jpg","http://www.onestopplus.com/Plus-Size-Denim-favorites-lookbook.aspx?DeptId=28316","Denim-favorites-lookbook"
"src","OSPG_JL","DM116163","http://redcats-usa-t.neolane.net/res/img/29A240CE906B73F36D1B2385FAE0CC91.jpg","http://www.onestopplus.com/Plus-Size-Get-the-Look.aspx?DeptId=28169","Get-the-Look"
"src","OSPG_JL","DM116209","http://redcats-usa-t.neolane.net/res/img/38C10B69D0451878F80C1D9CDC432882.jpg","http://www.jessicalondon.com/Plus-Size-Dresses.aspx?DeptId=25067","Dresses"
"src","OSPG_JL","DM116209","http://redcats-usa-t.neolane.net/res/img/596A10CEE69146AA36DEF4B201FECA1D.jpg","http://www.jessicalondon.com/Plus-Size-Winter-Sale-Savings-up-to-70-OFF.aspx?DeptId=23904","Winter-Sale-Savings-up-to-70-OFF"
"src","OSPG_JL","DM116210","http://redcats-usa-t.neolane.net/res/img/61EFDFA327F28D38E4674636AE194A43.jpg","http://www.jessicalondon.com/Plus-Size-New-Arrivals.aspx?DeptId=25270","New-Arrivals"
"src","OSPG_JL","DM116210","http://redcats-usa-t.neolane.net/res/img/8853430A511FFA6727A7D2C52C4CBB04.jpg","http://www.jessicalondon.com/Plus-Size-Swimwear.aspx?DeptId=25070","Swimwear"
"src","OSPG_JL","DM116210","http://redcats-usa-t.neolane.net/res/img/B20F54341BFE64FCAD095F4AD5C85472.jpg","http://www.jessicalondon.com/plus-size-tops-and-sweaters.aspx?deptid=25068","tops-and-sweaters"
"src","OSPG_JL","DM116210","http://redcats-usa-t.neolane.net/res/img/C8BDCFFE4A17D4434EEE3454D2C495A5.jpg","http://www.jessicalondon.com/Plus-Size-Bra-BOGO.aspx?DeptId=28427","Bra-BOGO"
"src","OSPG_JL","DM116210","http://redcats-usa-t.neolane.net/res/img/37ABE7808C6F7675DC5E16C2616F3F27.jpg","http://www.jessicalondon.com/Plus-Size-Shop-By-Outfit.aspx?DeptId=26793","Shop-By-Outfit"
"src","OSPG_JL","DM116211","http://redcats-usa-t.neolane.net/res/img/38C10B69D0451878F80C1D9CDC432882.jpg","http://www.jessicalondon.com/Plus-Size-Dresses.aspx?DeptId=25067","Dresses"
"src","OSPG_JL","DM116211","http://redcats-usa-t.neolane.net/res/img/596A10CEE69146AA36DEF4B201FECA1D.jpg","http://www.jessicalondon.com/Plus-Size-Winter-Sale-Savings-up-to-70-OFF.aspx?DeptId=23904","Winter-Sale-Savings-up-to-70-OFF"
"src","OSPG_JL","DM116453","http://redcats-usa-t.neolane.net/res/img/67376AFC907423E9C34ECF0C6C3F8929.jpg","http://www.jessicalondon.com/Plus-Size-Boot-Sale-up-to-70-off.aspx?DeptId=26105","Boot-Sale-up-to-70-off"
"src","OSPG_JL","DM116453","http://redcats-usa-t.neolane.net/res/img/01412B71C14942A1C786F79645DD7F36.jpg","http://www.jessicalondon.com/Plus-Size-Shoe-Sale-up-to-70-off.aspx?DeptId=26106","Shoe-Sale-up-to-70-off"
"src","OSPG_JL","DM116453","http://redcats-usa-t.neolane.net/res/img/085440443BF08E45E2EB178A74BD0D8E.jpg","http://www.jessicalondon.com/Plus-Size-Fabulous-50-Items-at-50-OFF.aspx?DeptId=26850","Fabulous-50-Items-at-50-OFF"
"src","OSPG_JL","DM116453","http://redcats-usa-t.neolane.net/res/img/8C731048AD4E1EE800F7B79A2F60091B.jpg","http://www.jessicalondon.com/Plus-Size-Denim-Shop.aspx?DeptId=18278","Denim-Shop"
"src","OSPG_JL","DM116535","http://redcats-usa-t.neolane.net/res/img/00D5F0510627627D28DF095F641C3093.jpg","http://www.jessicalondon.com/Plus-Size-Dress-and-Suit-Sale.aspx?DeptId=25381","Dress-and-Suit-Sale"
"src","OSPG_JL","DM116535","http://redcats-usa-t.neolane.net/res/img/F80B0AF3C559DCB3A173165B39FE68E9.jpg","http://www.jessicalondon.com/Plus-Size-Dress-and-Suit-Sale.aspx?DeptId=25381","Dress-and-Suit-Sale"
"src","OSPG_JL","DM116535","http://redcats-usa-t.neolane.net/res/img/F7AE19716C37D63B02498F1CF3289C9F.jpg","http://www.jessicalondon.com/Plus-Size-Shrugs.aspx?DeptId=25118","Shrugs"
"src","OSPG_JL","DM116654","http://redcats-usa-t.neolane.net/res/img/465B4F804FF58128E1DBDD09B6937E9E.jpg","http://www.jessicalondon.com/Plus-Size-Winter-Sale-Savings-up-to-70-OFF.aspx?DeptId=23904","Winter-Sale-Savings-up-to-70-OFF"
"src","OSPG_JL","DM116654","http://redcats-usa-t.neolane.net/res/img/48457200FD3B6BDFB1F7AB4E3552A0A9.jpg","http://www.jessicalondon.com/Plus-Size-New-Arrivals.aspx?DeptId=25270","New-Arrivals"
"src","OSPG_JL","DM116655","http://redcats-usa-t.neolane.net/res/img/465B4F804FF58128E1DBDD09B6937E9E.jpg","http://www.jessicalondon.com/Plus-Size-Winter-Sale-Savings-up-to-70-OFF.aspx?DeptId=23904","Winter-Sale-Savings-up-to-70-OFF"
"src","OSPG_JL","DM116655","http://redcats-usa-t.neolane.net/res/img/48457200FD3B6BDFB1F7AB4E3552A0A9.jpg","http://www.jessicalondon.com/Plus-Size-New-Arrivals.aspx?DeptId=25270","New-Arrivals"
"src","OSPG_JL","DM116832","http://redcats-usa-t.neolane.net/res/img/731C06C05AF9FC4610AD41A0BCD42534.jpg","http://www.jessicalondon.com/Plus-Size-New-Tops.aspx?DeptId=17985","New-Tops"
"src","OSPG_JL","DM116832","http://redcats-usa-t.neolane.net/res/img/03B14E80BC3460E4DEF684490FD6C738.jpg","http://www.jessicalondon.com/Plus-Size-New-Pants-and-Skirts.aspx?DeptId=17987","New-Pants-and-Skirts"
"src","OSPG_JL","DM116832","http://redcats-usa-t.neolane.net/res/img/6228289A52A5D205E3A9C246948BE4CF.jpg","http://www.jessicalondon.com/Plus-Size-New-Dresses.aspx?DeptId=17988","New-Dresses"
