"src","OSPG_KS","DM115420","http://redcats-usa-t.neolane.net/res/img/25C5DC993AA83FCB3D00260996C4DD48.jpg","http://www.kingsizedirect.com/Big-and-Tall-Winter-Favorites-Up-to-80-Off.aspx?DeptId=24528","Winter-Favorites-Up-to-80-Off"
"src","OSPG_KS","DM115420","http://redcats-usa-t.neolane.net/res/img/1683E9F389EDF8F450650439F3764E1E.jpg","http://www.kingsizedirect.com/Big-and-Tall-BOGO-50-Off-Jeans.aspx?DeptId=24540","BOGO-50-Off-Jeans"
"src","OSPG_KS","DM115420","http://redcats-usa-t.neolane.net/res/img/129413D2060FDF3AA77A76879FFA9551.jpg","http://www.kingsizedirect.com/Big-and-Tall-Up-to-50-off-underwear.aspx?DeptId=25220","Up-to-50-off-underwear"
"src","OSPG_KS","DM115420","http://redcats-usa-t.neolane.net/res/img/0412794E848D0B970C9183C8041E9D68.jpg","http://www.kingsizedirect.com/Big-and-Tall-Sport-Shirts.aspx?DeptId=23945","Sport-Shirts"
"src","OSPG_KS","DM115421","http://redcats-usa-t.neolane.net/res/img/3F57166FDBE262825F9B445064648CF3.jpg","http://www.kingsizedirect.com/Big-and-Tall-Up-to-50-off-underwear.aspx?DeptId=25220","Up-to-50-off-underwear"
"src","OSPG_KS","DM115421","http://redcats-usa-t.neolane.net/res/img/90D46830AFBFC3D2E739541EF1593412.jpg","http://www.kingsizedirect.com/Big-and-Tall-BOGO-50-Off-Jeans.aspx?DeptId=24540","BOGO-50-Off-Jeans"
"src","OSPG_KS","DM115421","http://redcats-usa-t.neolane.net/res/img/DB4FC7A09CE4B886A4CBD77F86625CC4.jpg","http://www.kingsizedirect.com/Big-and-Tall-Winter-Favorites-Up-to-80-Off.aspx?DeptId=24528","Winter-Favorites-Up-to-80-Off"
"src","OSPG_KS","DM115421","http://redcats-usa-t.neolane.net/res/img/60B27223E380B9EBA0411DB2C2D9B9CB.jpg","http://www.kingsizedirect.com/Big-and-Tall-Perfect-combo.aspx?DeptId=28238","Perfect-combo"
"src","OSPG_KS","DM115421","http://redcats-usa-t.neolane.net/res/img/8BC3FD4E2D6213B60915AAE4557125A1.jpg","http://www.kingsizedirect.com/Big-and-Tall-Hoodies-and-Sweatshirts.aspx?DeptId=23966","Hoodies-and-Sweatshirts"
"src","OSPG_KS","DM115423","http://redcats-usa-t.neolane.net/res/img/ED459EFAC0D8832655F8D54C95717DA5.jpg","http://www.kingsizedirect.com/Big-and-Tall-BOGO-50-Off-Jeans.aspx?DeptId=24540","BOGO-50-Off-Jeans"
"src","OSPG_KS","DM115423","http://redcats-usa-t.neolane.net/res/img/148ADC5B429DEAD836C6B227BA6FBF99.jpg","http://www.kingsizedirect.com/Big-and-Tall-Up-to-50-off-underwear.aspx?DeptId=25220","Up-to-50-off-underwear"
"src","OSPG_KS","DM115423","http://redcats-usa-t.neolane.net/res/img/AF19A6C13450C70902130205E6102801.jpg","http://www.kingsizedirect.com/Big-and-Tall-Winter-Favorites-Up-to-80-Off.aspx?DeptId=24528","Winter-Favorites-Up-to-80-Off"
"src","OSPG_KS","DM115423","http://redcats-usa-t.neolane.net/res/img/DEB99F95F84528E4D7E311EAB17F18FF.jpg","http://www.kingsizedirect.com/Big-and-Tall-View-All.aspx?DeptId=24341","View-All"
"src","OSPG_KS","DM115434","http://redcats-usa-t.neolane.net/res/img/25C5DC993AA83FCB3D00260996C4DD48.jpg","http://www.kingsizedirect.com/Big-and-Tall-Winter-Favorites-Up-to-80-Off.aspx?DeptId=24528","Winter-Favorites-Up-to-80-Off"
"src","OSPG_KS","DM115434","http://redcats-usa-t.neolane.net/res/img/1683E9F389EDF8F450650439F3764E1E.jpg","http://www.kingsizedirect.com/Big-and-Tall-BOGO-50-Off-Jeans.aspx?DeptId=24540","BOGO-50-Off-Jeans"
"src","OSPG_KS","DM115434","http://redcats-usa-t.neolane.net/res/img/129413D2060FDF3AA77A76879FFA9551.jpg","http://www.kingsizedirect.com/Big-and-Tall-Up-to-50-off-underwear.aspx?DeptId=25220","Up-to-50-off-underwear"
"src","OSPG_KS","DM115434","http://redcats-usa-t.neolane.net/res/img/0412794E848D0B970C9183C8041E9D68.jpg","http://www.kingsizedirect.com/Big-and-Tall-Sport-Shirts.aspx?DeptId=23945","Sport-Shirts"
"src","OSPG_KS","DM115471","http://redcats-usa-t.neolane.net/res/img/ED459EFAC0D8832655F8D54C95717DA5.jpg","http://www.kingsizedirect.com/Big-and-Tall-BOGO-50-Off-Jeans.aspx?DeptId=24540","BOGO-50-Off-Jeans"
"src","OSPG_KS","DM115471","http://redcats-usa-t.neolane.net/res/img/148ADC5B429DEAD836C6B227BA6FBF99.jpg","http://www.kingsizedirect.com/Big-and-Tall-Up-to-50-off-underwear.aspx?DeptId=25220","Up-to-50-off-underwear"
"src","OSPG_KS","DM115471","http://redcats-usa-t.neolane.net/res/img/AF19A6C13450C70902130205E6102801.jpg","http://www.kingsizedirect.com/Big-and-Tall-Winter-Favorites-Up-to-80-Off.aspx?DeptId=24528","Winter-Favorites-Up-to-80-Off"
"src","OSPG_KS","DM115471","http://redcats-usa-t.neolane.net/res/img/DEB99F95F84528E4D7E311EAB17F18FF.jpg","http://www.kingsizedirect.com/Big-and-Tall-View-All.aspx?DeptId=24341","View-All"
"src","OSPG_KS","DM116133","http://redcats-usa-t.neolane.net/res/img/F507B800149B898C87BF784F1E24BA89.jpg","http://www.kingsizedirect.com/Big-and-Tall-A-Perfect-Combo.aspx?DeptId=28238","A-Perfect-Combo"
"src","OSPG_KS","DM116133","http://redcats-usa-t.neolane.net/res/img/56D40CE9BE9BD59390B51F9961D2BFE9.jpg","http://www.kingsizedirect.com/Big-and-Tall-A-Perfect-Combo.aspx?DeptId=28238","A-Perfect-Combo"
"src","OSPG_KS","DM116133","http://redcats-usa-t.neolane.net/res/img/005C79D36CE6C37B668A9CEB57317740.jpg","http://www.kingsizedirect.com/Big-and-Tall-Winter-Favorites-Up-to-80-Off.aspx?DeptId=24528","Winter-Favorites-Up-to-80-Off"
"src","OSPG_KS","DM116133","http://redcats-usa-t.neolane.net/res/img/640934C9E8AE0E2231ECBD52492E4ECB.jpg","http://www.kingsizedirect.com/Big-and-Tall-Up-to-50-off-underwear.aspx?DeptId=25220","Up-to-50-off-underwear"
"src","OSPG_KS","DM116133","http://redcats-usa-t.neolane.net/res/img/81A0CE4093EA3CD4F606B630589BFD02.jpg","http://www.kingsizedirect.com/Big-and-Tall-BOGO-50-Off-Jeans.aspx?DeptId=24540","BOGO-50-Off-Jeans"
"src","OSPG_KS","DM116133","http://redcats-usa-t.neolane.net/res/img/C5FB2D88197BD8C2F6F7072672A7C2CA.jpg","http://www.kingsizedirect.com/Big-and-Tall-View-All.aspx?DeptId=24341","View-All"
"src","OSPG_KS","DM116135","http://redcats-usa-t.neolane.net/res/img/42BEE90F532F09BAFA4903EEAF3E6FAA.jpg","http://www.kingsizedirect.com/Big-and-Tall-Private-Sale.aspx?DeptId=27401","Private-Sale"
"src","OSPG_KS","DM116136","http://redcats-usa-t.neolane.net/res/img/63AA2F53C046D10FBBFFC10AB59AE7B0.jpg","http://www.kingsizedirect.com/Big-and-Tall-BOGO-50-Off-Jeans.aspx?DeptId=24540","BOGO-50-Off-Jeans"
"src","OSPG_KS","DM116136","http://redcats-usa-t.neolane.net/res/img/B4AA9A36E8483F434E0930A2E5E28B98.jpg","http://www.kingsizedirect.com/Big-and-Tall-Up-to-50-off-underwear.aspx?DeptId=25220","Up-to-50-off-underwear"
"src","OSPG_KS","DM116136","http://redcats-usa-t.neolane.net/res/img/E16A3CC041178D9481E85D636C624403.jpg","http://www.kingsizedirect.com/Big-and-Tall-Winter-Favorites-Up-to-80-Off.aspx?DeptId=24528","Winter-Favorites-Up-to-80-Off"
"src","OSPG_KS","DM116136","http://redcats-usa-t.neolane.net/res/img/EFFD1A1DF886A0685CCE72A0AAC56647.jpg","http://www.kingsizedirect.com/Big-and-Tall-Perfect-combo.aspx?DeptId=28238","Perfect-combo"
"src","OSPG_KS","DM116137","http://redcats-usa-t.neolane.net/res/img/F068BCCE95E28D7B6B59783B9D6E6826.jpg","http://www.kingsizedirect.com/Big-and-Tall-Up-to-50-off-underwear.aspx?DeptId=25220","Up-to-50-off-underwear"
"src","OSPG_KS","DM116137","http://redcats-usa-t.neolane.net/res/img/92C11D88167C0F32887EEB2970DFE547.jpg","http://www.kingsizedirect.com/Big-and-Tall-Winter-Favorites-Up-to-80-Off.aspx?DeptId=24528","Winter-Favorites-Up-to-80-Off"
"src","OSPG_KS","DM116137","http://redcats-usa-t.neolane.net/res/img/93E1595747D72552438300D2C3D1EF38.jpg","http://www.kingsizedirect.com/Big-and-Tall-BOGO-50-Off-Jeans.aspx?DeptId=24540","BOGO-50-Off-Jeans"
"src","OSPG_KS","DM116137","http://redcats-usa-t.neolane.net/res/img/A6FFECF86B78FE7686759B2C390E7E97.jpg","http://www.kingsizedirect.com/Big-and-Tall-View-All.aspx?DeptId=24341","View-All"
"src","OSPG_KS","DM116146","http://redcats-usa-t.neolane.net/res/img/85795D0EEF13705981DFAE668016E650.jpg","http://www.kingsizedirect.com/Big-and-Tall-A-Perfect-Combo.aspx?DeptId=28238","A-Perfect-Combo"
"src","OSPG_KS","DM116146","http://redcats-usa-t.neolane.net/res/img/8F98E4B94B6A0A0618E6EA193AF7658C.jpg","http://www.kingsizedirect.com/Big-and-Tall-A-Perfect-Combo.aspx?DeptId=28238","A-Perfect-Combo"
"src","OSPG_KS","DM116146","http://redcats-usa-t.neolane.net/res/img/1D15FB849C9D3A77D5C9B0F94F365815.jpg","http://www.kingsizedirect.com/Big-and-Tall-Winter-Favorites-Up-to-80-Off.aspx?DeptId=24528","Winter-Favorites-Up-to-80-Off"
"src","OSPG_KS","DM116146","http://redcats-usa-t.neolane.net/res/img/E637BBC89D02FCA3CC662659B10F7630.jpg","http://www.kingsizedirect.com/Big-and-Tall-Up-to-50-off-underwear.aspx?DeptId=25220","Up-to-50-off-underwear"
"src","OSPG_KS","DM116146","http://redcats-usa-t.neolane.net/res/img/1906176EBA72E44EA18B62291A336A88.jpg","http://www.kingsizedirect.com/Big-and-Tall-BOGO-50-Off-Jeans.aspx?DeptId=24540","BOGO-50-Off-Jeans"
"src","OSPG_KS","DM116146","http://redcats-usa-t.neolane.net/res/img/858CE2EBC6DBD928DA4B737C8F657979.jpg","http://www.kingsizedirect.com/Big-and-Tall-View-All.aspx?DeptId=24341","View-All"
"src","OSPG_KS","DM116206","http://redcats-usa-t.neolane.net/res/img/63AA2F53C046D10FBBFFC10AB59AE7B0.jpg","http://www.kingsizedirect.com/Big-and-Tall-BOGO-50-Off-Jeans.aspx?DeptId=24540","BOGO-50-Off-Jeans"
"src","OSPG_KS","DM116206","http://redcats-usa-t.neolane.net/res/img/B4AA9A36E8483F434E0930A2E5E28B98.jpg","http://www.kingsizedirect.com/Big-and-Tall-Up-to-50-off-underwear.aspx?DeptId=25220","Up-to-50-off-underwear"
"src","OSPG_KS","DM116206","http://redcats-usa-t.neolane.net/res/img/E16A3CC041178D9481E85D636C624403.jpg","http://www.kingsizedirect.com/Big-and-Tall-Winter-Favorites-Up-to-80-Off.aspx?DeptId=24528","Winter-Favorites-Up-to-80-Off"
"src","OSPG_KS","DM116206","http://redcats-usa-t.neolane.net/res/img/EFFD1A1DF886A0685CCE72A0AAC56647.jpg","http://www.kingsizedirect.com/Big-and-Tall-Perfect-combo.aspx?DeptId=28238","Perfect-combo"
"src","OSPG_KS","DM116207","http://redcats-usa-t.neolane.net/res/img/F507B800149B898C87BF784F1E24BA89.jpg","http://www.kingsizedirect.com/Big-and-Tall-A-Perfect-Combo.aspx?DeptId=28238","A-Perfect-Combo"
"src","OSPG_KS","DM116207","http://redcats-usa-t.neolane.net/res/img/56D40CE9BE9BD59390B51F9961D2BFE9.jpg","http://www.kingsizedirect.com/Big-and-Tall-A-Perfect-Combo.aspx?DeptId=28238","A-Perfect-Combo"
"src","OSPG_KS","DM116207","http://redcats-usa-t.neolane.net/res/img/005C79D36CE6C37B668A9CEB57317740.jpg","http://www.kingsizedirect.com/Big-and-Tall-Winter-Favorites-Up-to-80-Off.aspx?DeptId=24528","Winter-Favorites-Up-to-80-Off"
"src","OSPG_KS","DM116207","http://redcats-usa-t.neolane.net/res/img/640934C9E8AE0E2231ECBD52492E4ECB.jpg","http://www.kingsizedirect.com/Big-and-Tall-Up-to-50-off-underwear.aspx?DeptId=25220","Up-to-50-off-underwear"
"src","OSPG_KS","DM116207","http://redcats-usa-t.neolane.net/res/img/81A0CE4093EA3CD4F606B630589BFD02.jpg","http://www.kingsizedirect.com/Big-and-Tall-BOGO-50-Off-Jeans.aspx?DeptId=24540","BOGO-50-Off-Jeans"
"src","OSPG_KS","DM116207","http://redcats-usa-t.neolane.net/res/img/C5FB2D88197BD8C2F6F7072672A7C2CA.jpg","http://www.kingsizedirect.com/Big-and-Tall-View-All.aspx?DeptId=24341","View-All"
"src","OSPG_KS","DM116208","http://redcats-usa-t.neolane.net/res/img/85795D0EEF13705981DFAE668016E650.jpg","http://www.kingsizedirect.com/Big-and-Tall-A-Perfect-Combo.aspx?DeptId=28238","A-Perfect-Combo"
"src","OSPG_KS","DM116208","http://redcats-usa-t.neolane.net/res/img/8F98E4B94B6A0A0618E6EA193AF7658C.jpg","http://www.kingsizedirect.com/Big-and-Tall-A-Perfect-Combo.aspx?DeptId=28238","A-Perfect-Combo"
"src","OSPG_KS","DM116208","http://redcats-usa-t.neolane.net/res/img/1D15FB849C9D3A77D5C9B0F94F365815.jpg","http://www.kingsizedirect.com/Big-and-Tall-Winter-Favorites-Up-to-80-Off.aspx?DeptId=24528","Winter-Favorites-Up-to-80-Off"
"src","OSPG_KS","DM116208","http://redcats-usa-t.neolane.net/res/img/E637BBC89D02FCA3CC662659B10F7630.jpg","http://www.kingsizedirect.com/Big-and-Tall-Up-to-50-off-underwear.aspx?DeptId=25220","Up-to-50-off-underwear"
"src","OSPG_KS","DM116208","http://redcats-usa-t.neolane.net/res/img/1906176EBA72E44EA18B62291A336A88.jpg","http://www.kingsizedirect.com/Big-and-Tall-BOGO-50-Off-Jeans.aspx?DeptId=24540","BOGO-50-Off-Jeans"
"src","OSPG_KS","DM116208","http://redcats-usa-t.neolane.net/res/img/858CE2EBC6DBD928DA4B737C8F657979.jpg","http://www.kingsizedirect.com/Big-and-Tall-View-All.aspx?DeptId=24341","View-All"
"src","OSPG_KS","DM116561","http://redcats-usa-t.neolane.net/res/img/A7755AEF8E9EF20E954FE1853301712E.jpg","http://www.kingsizedirect.com/Big-and-Tall-BOGO-50-Off-Jeans.aspx?DeptId=24540","BOGO-50-Off-Jeans"
"src","OSPG_KS","DM116561","http://redcats-usa-t.neolane.net/res/img/CF12CF6C1672FD5944C15EE9F15D59DD.jpg","http://www.kingsizedirect.com/Big-and-Tall-A-Perfect-Combo.aspx?DeptId=28238","A-Perfect-Combo"
"src","OSPG_KS","DM116561","http://redcats-usa-t.neolane.net/res/img/429816DA85EC68707EDD5305CA05A303.jpg","http://www.kingsizedirect.com/Big-and-Tall-Winter-Favorites-Up-to-80-Off.aspx?DeptId=24528","Winter-Favorites-Up-to-80-Off"
"src","OSPG_KS","DM116561","http://redcats-usa-t.neolane.net/res/img/C1BDB8FD88CC09339D2EF16269E75081.jpg","http://www.kingsizedirect.com/Big-and-Tall-Up-to-50-off-underwear.aspx?DeptId=25220","Up-to-50-off-underwear"
"src","OSPG_KS","DM116674","http://redcats-usa-t.neolane.net/res/img/F068BCCE95E28D7B6B59783B9D6E6826.jpg","http://www.kingsizedirect.com/Big-and-Tall-Up-to-50-off-underwear.aspx?DeptId=25220","Up-to-50-off-underwear"
"src","OSPG_KS","DM116674","http://redcats-usa-t.neolane.net/res/img/92C11D88167C0F32887EEB2970DFE547.jpg","http://www.kingsizedirect.com/Big-and-Tall-Winter-Favorites-Up-to-80-Off.aspx?DeptId=24528","Winter-Favorites-Up-to-80-Off"
"src","OSPG_KS","DM116674","http://redcats-usa-t.neolane.net/res/img/93E1595747D72552438300D2C3D1EF38.jpg","http://www.kingsizedirect.com/Big-and-Tall-BOGO-50-Off-Jeans.aspx?DeptId=24540","BOGO-50-Off-Jeans"
"src","OSPG_KS","DM116674","http://redcats-usa-t.neolane.net/res/img/A6FFECF86B78FE7686759B2C390E7E97.jpg","http://www.kingsizedirect.com/Big-and-Tall-View-All.aspx?DeptId=24341","View-All"
"src","OSPG_KS","DM116842","http://redcats-usa-t.neolane.net/res/img/2B6F1AABE1DECE37DE9A0258B1479B57.jpg","http://www.kingsizedirect.com/Big-and-Tall-Private-Sale.aspx?DeptId=27401","Private-Sale"
"src","OSPG_KS","DM117061","http://redcats-usa-t.neolane.net/res/img/42BEE90F532F09BAFA4903EEAF3E6FAA.jpg","http://www.kingsizedirect.com/Big-and-Tall-Private-Sale.aspx?DeptId=27401","Private-Sale"
